,GC,CL,NG,HG,C,S,SI,SB,XBW,SM,BO,W,KC,CT
1991-12-31,-1.0377 ,0.0000 ,21.1244 ,0.1851 ,-3.8835 ,-1.8494 ,-1.4125 ,2.9193 ,-8.4223 ,0.3871 ,-2.7065 ,10.3893 ,-5.6971 ,-4.3459 
1992-01-31,-0.9860 ,-2.8947 ,-6.4834 ,0.4168 ,-3.7003 ,-1.5873 ,-1.2068 ,0.3953 ,-17.4616 ,-0.9427 ,-2.6482 ,7.4140 ,-7.0781 ,-6.1722 
1992-02-28,-1.0465 ,-2.8183 ,-0.5683 ,1.9464 ,-3.2173 ,-2.3506 ,-1.2190 ,-3.2065 ,-5.4798 ,-2.0915 ,-1.9281 ,5.7720 ,-5.3219 ,-4.6522 
1992-03-31,-1.0205 ,-2.5536 ,8.0741 ,0.8636 ,-2.9016 ,-2.1610 ,-1.2543 ,0.7590 ,-5.5464 ,-2.4952 ,-2.1755 ,7.7909 ,-5.2891 ,-3.7921 
1992-04-30,-0.9019 ,-0.5632 ,7.2150 ,-0.6502 ,0.9915 ,-1.9206 ,-1.2962 ,4.9794 ,-1.3549 ,-2.3325 ,-2.6216 ,-1.8342 ,-5.4759 ,-1.0466 
1992-05-29,-0.8534 ,0.1560 ,8.3213 ,-0.2429 ,-2.7943 ,-2.2319 ,-1.2137 ,7.7806 ,1.9512 ,-1.8720 ,-2.7316 ,-2.1981 ,-5.1912 ,-2.8763 
1992-06-30,-0.8386 ,0.4636 ,-2.3068 ,0.6579 ,-2.2318 ,-2.6851 ,-1.2183 ,1.4758 ,0.3179 ,-2.7293 ,-2.9847 ,-3.2521 ,-5.0524 ,2.1536 
1992-07-31,-0.8926 ,1.3920 ,2.9598 ,0.1548 ,-1.2333 ,1.0932 ,-1.1203 ,1.8865 ,7.8006 ,-27.4284 ,-2.6610 ,-3.4393 ,-4.6762 ,4.9998 
1992-08-31,-0.7941 ,1.8384 ,0.9497 ,0.2009 ,-4.1376 ,-2.0990 ,-1.1097 ,2.0997 ,11.1433 ,0.8637 ,-2.5587 ,-2.3415 ,-4.3800 ,5.3675 
1992-09-30,-0.7002 ,1.1931 ,8.1268 ,-0.8004 ,-4.4103 ,-1.9569 ,-1.0242 ,-0.9060 ,0.7348 ,0.3594 ,-2.9653 ,0.1571 ,-2.6943 ,-1.7758 
1992-10-30,-0.7192 ,-0.5189 ,5.6490 ,-0.8806 ,-5.2989 ,-1.7604 ,-1.0822 ,-1.7895 ,6.1901 ,-0.5473 ,-1.2003 ,1.5721 ,-3.1954 ,-0.9691 
1992-11-30,-0.6127 ,-0.1478 ,52.4755 ,-1.5362 ,-5.8286 ,-1.5839 ,-1.3154 ,-3.3261 ,-4.1346 ,-0.2708 ,-1.7398 ,7.1385 ,-6.3680 ,-2.4275 
1992-12-31,-0.5225 ,-1.7529 ,20.8371 ,-0.5805 ,-5.5866 ,-1.8563 ,-1.2524 ,-1.8652 ,-7.3473 ,0.2797 ,-1.5689 ,7.9007 ,-8.4659 ,-2.8520 
1993-01-29,-0.5927 ,-0.8792 ,0.4953 ,-0.8669 ,-6.0122 ,-0.5241 ,-1.1232 ,-5.0008 ,-13.9272 ,-0.1901 ,-1.8892 ,13.3190 ,-15.4345 ,-2.4066 
1993-02-26,-0.6452 ,-0.6683 ,10.6195 ,-1.3776 ,-4.5703 ,-1.2220 ,-0.6586 ,-2.1142 ,-6.3062 ,-1.8437 ,-1.8569 ,9.3297 ,-3.8219 ,-2.1026 
1993-03-31,-0.6849 ,-3.2300 ,15.3010 ,-1.2279 ,-3.7031 ,-1.4041 ,-1.0131 ,-5.3642 ,-2.6265 ,-0.9312 ,-2.2483 ,18.9299 ,-4.4750 ,-1.9777 
1993-04-30,-0.6507 ,-2.4155 ,6.4113 ,-1.3064 ,-2.7280 ,-0.4223 ,-1.0160 ,6.2778 ,0.1479 ,-1.0678 ,-1.7336 ,-1.3275 ,-3.8023 ,-2.0236 
1993-05-31,-0.7723 ,-3.4820 ,1.4071 ,-0.9837 ,-3.3419 ,0.6862 ,-1.1090 ,-2.5645 ,-0.7401 ,1.2210 ,-2.0136 ,-1.6614 ,-4.4426 ,2.5331 
1993-06-30,-0.8173 ,-4.3889 ,-9.1789 ,-0.3132 ,-4.3139 ,-0.5952 ,-1.1720 ,0.8342 ,-0.7952 ,-0.3071 ,-1.8267 ,-4.2771 ,-4.1922 ,-1.1434 
1993-07-30,-0.8104 ,-4.8183 ,-7.1985 ,0.0000 ,-2.7577 ,-0.3759 ,-1.1140 ,-2.1893 ,4.2718 ,3.6034 ,-2.2020 ,-3.0222 ,-3.5938 ,-3.2081 
1993-08-31,-0.7605 ,-4.6721 ,-9.5981 ,-0.3734 ,-3.6757 ,-1.3491 ,-1.0365 ,-2.3928 ,1.7182 ,-0.3139 ,-1.5522 ,-0.8545 ,-2.6629 ,-3.9624 
1993-09-30,-0.8312 ,-2.5502 ,-22.9050 ,-1.2323 ,-3.3883 ,-1.7141 ,-1.1049 ,-1.5798 ,-3.1759 ,-1.6594 ,-0.4216 ,-1.3679 ,-3.5208 ,-2.5320 
1993-10-29,-0.8503 ,-3.7685 ,-1.7810 ,-1.0383 ,-3.2969 ,-1.6910 ,-1.1083 ,-2.0155 ,-1.5300 ,0.3351 ,-1.2750 ,1.2080 ,-3.4401 ,-3.4013 
1993-11-30,-0.7769 ,-4.7862 ,14.7336 ,-1.0056 ,-1.5331 ,-1.5414 ,-1.1507 ,-3.1566 ,-9.3700 ,0.5670 ,-0.0626 ,7.5046 ,-3.5897 ,-2.3772 
1993-12-31,-0.7782 ,-6.8966 ,15.6087 ,-0.6187 ,-1.6739 ,-0.7228 ,-1.0715 ,-2.7397 ,-13.6537 ,-0.5069 ,3.1434 ,8.7105 ,-3.6558 ,-2.6264 
1994-01-31,-0.7949 ,0.0000 ,28.4141 ,1.7051 ,-2.7048 ,-0.7498 ,-1.1009 ,-5.7733 ,-19.1653 ,-0.2647 ,0.6581 ,8.7714 ,-3.8444 ,-0.5078 
1994-02-28,-0.8390 ,-3.7686 ,6.8488 ,-0.1859 ,-1.5293 ,-0.7045 ,-1.0996 ,-2.4234 ,-5.0422 ,-0.4988 ,0.1116 ,4.9049 ,-2.9024 ,-0.9307 
1994-03-31,-1.0566 ,-2.3070 ,-1.8548 ,-0.4635 ,-2.8821 ,-0.4276 ,-1.1626 ,-3.4317 ,-1.2469 ,-0.7459 ,0.3371 ,3.3063 ,-2.9851 ,-1.2686 
1994-04-29,-1.1445 ,3.7901 ,-6.7236 ,0.4349 ,3.4660 ,2.6257 ,-1.3159 ,1.7028 ,-1.7907 ,1.1147 ,4.1453 ,-1.6030 ,-0.7941 ,10.9084 
1994-05-31,-1.3366 ,7.3081 ,-11.9237 ,1.0782 ,3.4910 ,0.0811 ,-1.4172 ,-0.9841 ,2.2703 ,0.0000 ,0.3209 ,-2.9422 ,2.7555 ,7.1308 
1994-06-30,-1.3459 ,8.6902 ,0.4168 ,1.4398 ,1.2052 ,7.3821 ,-1.4788 ,1.3303 ,-0.4517 ,1.0455 ,-0.3786 ,-3.9898 ,22.6131 ,0.0915 
1994-07-29,-1.2847 ,7.9125 ,-13.5158 ,0.5452 ,-1.5953 ,2.8567 ,-1.4641 ,0.0567 ,14.1454 ,2.1601 ,3.9185 ,-4.3783 ,-1.7530 ,1.5019 
1994-08-31,-1.2382 ,-0.1836 ,-50.3688 ,1.3941 ,-4.4169 ,-2.2330 ,-1.5721 ,-0.2175 ,2.7763 ,-0.8548 ,1.3926 ,-2.1943 ,-1.4744 ,2.3876 
1994-09-30,-1.4192 ,-1.0490 ,-55.5191 ,0.8858 ,-4.5541 ,-2.9785 ,-1.6267 ,-0.1366 ,-48.4728 ,-2.5696 ,3.1135 ,-1.9504 ,-1.9173 ,-2.8027 
1994-10-31,-1.5537 ,3.2531 ,-16.4037 ,2.1475 ,-5.2430 ,-2.9066 ,-1.7267 ,-0.3963 ,15.4047 ,-2.7843 ,10.9173 ,-2.8550 ,-2.7972 ,-1.8486 
1994-11-30,-1.6879 ,0.8961 ,-10.2916 ,6.5636 ,-4.8832 ,-2.7179 ,-2.0207 ,0.0000 ,-0.6796 ,-3.3415 ,5.8263 ,7.8530 ,-2.4834 ,-2.2581 
1994-12-30,-1.6883 ,0.8823 ,-1.6487 ,7.8015 ,-5.2466 ,-2.8685 ,-2.0785 ,-0.8891 ,1.7350 ,-4.9139 ,9.4570 ,11.3265 ,-1.4680 ,0.7225 
1995-01-31,-1.4574 ,2.9370 ,-5.1986 ,3.6821 ,-5.2798 ,-2.7121 ,-1.9376 ,0.4815 ,-9.4176 ,-3.1427 ,6.7087 ,7.0888 ,-2.4053 ,3.9053 
1995-02-28,-1.2489 ,2.5431 ,-4.2311 ,3.4603 ,-4.0607 ,-2.7373 ,-1.8856 ,12.8507 ,5.2594 ,-4.3780 ,2.3492 ,7.6631 ,-0.7088 ,5.0245 
1995-03-31,-1.3387 ,3.6280 ,-12.9975 ,5.8062 ,-3.6263 ,-2.8297 ,-1.5940 ,13.7711 ,3.3144 ,-4.1308 ,2.2322 ,2.0221 ,-1.6796 ,9.0405 
1995-04-28,-1.3585 ,5.6755 ,-4.5302 ,2.7097 ,-2.3353 ,-2.7183 ,-1.6289 ,7.4072 ,9.2412 ,-3.7566 ,0.9429 ,-2.4883 ,-1.7860 ,26.3254 
1995-05-31,-1.3448 ,1.7740 ,-13.5000 ,3.3943 ,-3.2674 ,-2.7149 ,-1.6535 ,15.2714 ,11.1158 ,-2.8222 ,0.3533 ,-2.4470 ,-3.0345 ,32.8601 
1995-06-30,-1.4814 ,2.6350 ,-7.7205 ,5.8416 ,-0.9903 ,-3.3706 ,-1.5191 ,1.8052 ,10.3941 ,-3.7719 ,1.3376 ,-1.1099 ,-0.9721 ,13.1569 
1995-07-31,-1.2662 ,4.3750 ,-7.5235 ,4.5241 ,0.1975 ,-2.1360 ,-1.6075 ,1.8564 ,7.3840 ,-3.8251 ,1.5083 ,-1.7085 ,1.6249 ,5.9674 
1995-08-31,-1.1440 ,5.3151 ,-19.0121 ,5.0524 ,-2.6181 ,-2.3841 ,-1.1899 ,3.8897 ,7.1240 ,-3.1797 ,-0.1269 ,0.4126 ,1.5699 ,2.1671 
1995-09-29,-0.9541 ,4.8536 ,-27.5454 ,3.7551 ,-2.6366 ,-2.5387 ,-1.1302 ,-0.1609 ,7.5787 ,-2.2293 ,-0.5457 ,-1.7383 ,2.6106 ,-1.0412 
1995-10-31,-0.8351 ,4.7562 ,-6.1371 ,3.7344 ,-1.6896 ,-2.0533 ,-1.4366 ,2.2026 ,0.0000 ,-1.2653 ,-1.2108 ,-1.6665 ,2.3292 ,1.2748 
1995-11-30,-0.7815 ,4.4339 ,14.7398 ,4.0835 ,-0.4761 ,-2.0481 ,-1.3743 ,2.7348 ,2.4059 ,-2.3084 ,-2.3088 ,11.8017 ,3.1364 ,0.0569 
1995-12-29,-0.8690 ,8.8649 ,66.6091 ,3.7745 ,-0.9769 ,-0.8617 ,-1.3900 ,5.5521 ,8.9479 ,-2.4776 ,-2.3821 ,11.1960 ,1.9785 ,1.1625 
1996-01-31,-0.7987 ,7.3452 ,71.8165 ,3.8231 ,-1.7297 ,-1.7279 ,-1.3519 ,11.7096 ,-10.9340 ,-1.8298 ,-1.8306 ,11.2953 ,2.2896 ,-0.9543 
1996-02-29,-1.1362 ,13.2738 ,21.4184 ,4.0801 ,3.0611 ,-1.9252 ,-1.4940 ,12.2184 ,5.1066 ,-2.3375 ,-2.6247 ,13.8848 ,2.0378 ,-1.3076 
1996-03-29,-0.9505 ,22.5892 ,11.3620 ,3.1553 ,6.1405 ,-1.5422 ,-1.3500 ,12.8356 ,6.8580 ,-1.0744 ,-1.7011 ,9.7648 ,0.3617 ,-2.0957 
1996-04-30,-0.9622 ,15.6379 ,3.8158 ,3.3362 ,44.2049 ,0.5249 ,-1.5723 ,-0.1023 ,19.9739 ,-0.2714 ,-1.9394 ,2.7337 ,1.1942 ,1.5149 
1996-05-31,-1.2579 ,10.7984 ,-4.7555 ,5.8708 ,32.7331 ,2.1279 ,-1.7387 ,5.6991 ,4.9780 ,0.2772 ,-2.0058 ,-0.9562 ,1.0659 ,0.6899 
1996-06-28,-1.0915 ,14.0676 ,10.2465 ,0.3619 ,11.1031 ,6.4869 ,-1.6791 ,1.8939 ,5.0616 ,2.7356 ,-3.1237 ,-2.1766 ,3.3088 ,-2.4519 
1996-07-31,-1.1210 ,8.2630 ,-0.4776 ,2.3228 ,11.8568 ,3.1311 ,-1.6838 ,1.6237 ,13.6900 ,8.6133 ,-2.4587 ,-1.1736 ,6.2779 ,-1.3786 
1996-08-30,-1.2994 ,7.7729 ,-26.6963 ,2.7803 ,-2.2950 ,-1.3646 ,-1.7072 ,2.0279 ,7.5006 ,3.2093 ,-2.4612 ,0.6783 ,5.7309 ,-1.5584 
1996-09-30,-0.8572 ,8.8492 ,-26.4106 ,1.4527 ,-2.6499 ,-1.8334 ,-1.7017 ,1.0606 ,1.0739 ,1.7775 ,-3.3655 ,3.5503 ,3.8526 ,-1.7628 
1996-10-31,-0.8603 ,3.8829 ,3.1770 ,2.9685 ,-2.6504 ,-1.1931 ,-1.5670 ,-2.1984 ,6.5618 ,6.5755 ,-3.4738 ,0.8292 ,11.6243 ,-2.6935 
1996-11-29,-0.8697 ,5.3232 ,42.4430 ,7.1215 ,-1.9114 ,1.3251 ,-1.3811 ,-1.0695 ,4.2944 ,5.1272 ,-2.7961 ,8.7854 ,3.7527 ,-2.4637 
1996-12-31,-0.9711 ,8.9805 ,39.7305 ,4.5607 ,-1.3931 ,0.3525 ,-1.4448 ,0.0000 ,2.5391 ,3.4027 ,-2.4708 ,9.0474 ,3.0220 ,-2.7012 
1997-01-31,-1.0709 ,6.6277 ,44.2335 ,5.1331 ,0.9002 ,0.2188 ,-1.4703 ,0.6299 ,-6.9362 ,3.7623 ,-2.7360 ,5.2066 ,5.3186 ,-3.1025 
1997-02-28,-1.0152 ,3.9315 ,-8.2286 ,5.2562 ,0.6749 ,0.2505 ,-1.4611 ,3.8231 ,0.6941 ,1.8919 ,-2.5969 ,4.6813 ,9.7658 ,-2.3163 
1997-03-31,-1.1760 ,-0.1749 ,-7.1138 ,5.3837 ,-0.1279 ,-0.4163 ,-1.5736 ,3.2539 ,2.6573 ,1.8728 ,-2.4179 ,1.4100 ,15.4948 ,-3.5240 
1997-04-30,-1.1732 ,0.0000 ,-3.1291 ,5.1765 ,8.3381 ,10.7226 ,-1.7160 ,1.4064 ,5.8412 ,14.9271 ,-1.8850 ,-2.0281 ,20.1443 ,-1.8140 
1997-05-30,-1.1788 ,-1.9336 ,-0.4055 ,5.2829 ,9.5907 ,20.6502 ,-1.6515 ,1.6798 ,6.0696 ,26.4564 ,-2.5905 ,-3.2284 ,27.0987 ,-2.4490 
1997-06-30,-1.1281 ,-0.6952 ,0.4843 ,3.5281 ,-0.1153 ,38.4317 ,-1.5562 ,-0.2375 ,3.7181 ,28.9587 ,-1.0596 ,-4.1378 ,15.8309 ,-1.5128 
1997-07-31,-1.0477 ,-0.6007 ,0.1532 ,2.7047 ,-0.9234 ,6.8389 ,-1.4951 ,-1.1223 ,18.7236 ,16.8274 ,-2.2664 ,-4.2322 ,15.0039 ,-0.1777 
1997-08-29,-0.9514 ,-2.2709 ,-11.5972 ,0.9229 ,-3.3630 ,-0.4980 ,-1.6493 ,-2.2759 ,18.7916 ,11.8160 ,-2.6754 ,-3.1823 ,11.4909 ,-0.5256 
1997-09-30,-0.6627 ,0.9470 ,-8.6842 ,0.0000 ,-3.7076 ,-1.0612 ,-1.4368 ,-1.6571 ,4.8149 ,2.0130 ,-2.2680 ,-4.3211 ,7.9691 ,-2.4183 
1997-10-31,-0.7699 ,-1.4754 ,6.6037 ,-0.5607 ,-3.6092 ,-1.3513 ,-1.3277 ,1.4448 ,-0.2844 ,5.2509 ,-2.9744 ,-3.9666 ,6.7571 ,-1.5726 
1997-11-28,-1.0198 ,-3.3342 ,12.1968 ,-1.2290 ,-3.9130 ,-0.6576 ,-0.9842 ,0.7945 ,-1.4528 ,4.8862 ,-2.0478 ,-3.5340 ,6.4768 ,-3.0647 
1997-12-31,-0.9403 ,-3.6746 ,5.4452 ,-2.0725 ,-4.2892 ,-1.7679 ,-0.4096 ,3.0940 ,-3.9536 ,0.8853 ,-2.3410 ,-3.8731 ,4.9657 ,-3.5993 
1998-01-30,-1.0507 ,-2.9714 ,-3.7962 ,-1.7385 ,-4.3116 ,-0.6171 ,0.0000 ,4.4270 ,-14.2681 ,0.8276 ,-2.8781 ,-4.7996 ,4.9612 ,-3.4895 
1998-02-27,-1.0105 ,-6.9753 ,-2.4049 ,-1.5302 ,-3.6698 ,-1.2947 ,0.3683 ,1.1734 ,-4.1731 ,-1.9083 ,-1.4241 ,-4.3777 ,6.0038 ,-3.1939 
1998-03-31,-1.1091 ,-6.9009 ,-4.7200 ,-1.2817 ,-3.9687 ,-0.4830 ,0.0491 ,7.3981 ,-4.6082 ,-1.8685 ,-1.3602 ,-4.3864 ,6.9754 ,-3.1428 
1998-04-30,-1.1959 ,-11.9141 ,-6.7637 ,1.0844 ,-3.8087 ,1.2194 ,-0.2627 ,-3.9616 ,-4.6940 ,-3.0097 ,-0.4828 ,-5.2670 ,4.9090 ,-4.5511 
1998-05-29,-1.2474 ,-10.5559 ,-4.8100 ,-1.0509 ,-2.8701 ,4.6617 ,-1.1206 ,-1.8073 ,-4.0580 ,2.6339 ,-2.1090 ,-5.7057 ,3.7926 ,-2.6732 
1998-06-30,-1.1816 ,-11.1338 ,-3.1826 ,-0.9490 ,-2.6467 ,4.8965 ,-0.8379 ,-3.3446 ,-3.0324 ,0.9407 ,-3.0352 ,-5.7074 ,-1.3299 ,4.9684 
1998-07-31,-1.1660 ,-6.0606 ,-10.4822 ,-0.4221 ,-3.0696 ,1.1530 ,-0.6336 ,-2.6492 ,-2.5761 ,6.5589 ,-0.8197 ,-6.4521 ,5.8686 ,0.9913 
1998-08-31,-1.3879 ,-6.5700 ,-38.2348 ,-1.0795 ,-6.3573 ,-2.8195 ,-0.9420 ,-3.2965 ,-4.0990 ,-2.1177 ,-0.8947 ,-6.3202 ,4.3190 ,0.0682 
1998-09-30,-0.9918 ,-0.3750 ,-27.0899 ,-1.0447 ,-6.0843 ,-3.2104 ,-0.6594 ,-2.2500 ,-0.8184 ,-6.7925 ,-0.1368 ,-6.1639 ,2.4574 ,0.9643 
1998-10-30,-1.1866 ,-4.4844 ,-20.1914 ,-1.2893 ,-5.1418 ,-2.4160 ,-0.9177 ,-1.6301 ,-0.7287 ,-5.0297 ,-0.1345 ,-5.4146 ,4.2006 ,1.0477 
1998-11-30,-1.0685 ,-14.1468 ,-3.9675 ,-1.5544 ,-5.4446 ,-2.5827 ,-1.0872 ,-1.9055 ,-13.6027 ,-3.8248 ,-1.7004 ,-5.6668 ,-0.4529 ,-1.8683 
1998-12-31,-1.0902 ,-3.3779 ,1.6603 ,-2.1536 ,-5.6625 ,-1.8124 ,-1.1599 ,0.6082 ,-10.2502 ,-1.5930 ,-2.1368 ,-6.0232 ,-1.3339 ,-2.5607 
1999-01-29,-1.0175 ,-1.1169 ,-4.3698 ,-2.2426 ,-4.5012 ,-1.6846 ,-0.9173 ,5.5452 ,-20.4820 ,0.7970 ,-1.4177 ,-6.0390 ,-2.2939 ,-2.6577 
1999-02-26,-1.0172 ,-3.7442 ,-6.6225 ,-1.7375 ,-4.2255 ,-2.8086 ,0.1411 ,5.6903 ,-9.7964 ,-3.7348 ,-2.0181 ,-6.4350 ,-1.7543 ,1.5279 
1999-03-31,-1.1741 ,0.5977 ,-4.8996 ,-1.9982 ,-4.1140 ,-3.0571 ,-0.8261 ,6.9390 ,0.9280 ,-1.9639 ,-2.0711 ,-5.7323 ,-2.0002 ,-0.9013 
1999-04-30,-1.0931 ,5.2873 ,-2.1368 ,-1.7543 ,-3.2511 ,-2.3810 ,-0.5034 ,-10.4384 ,0.9916 ,-3.4956 ,-3.0534 ,-5.6619 ,-2.4438 ,1.6630 
1999-05-31,-1.1966 ,0.4247 ,-2.2466 ,-2.1539 ,-3.4164 ,-1.6164 ,-0.8848 ,-5.5688 ,-1.6945 ,-1.5256 ,-3.3296 ,-6.2980 ,-2.0947 ,2.8217 
1999-06-30,-0.9276 ,-0.1671 ,-3.4449 ,-0.9837 ,-4.8570 ,-2.0673 ,-0.4504 ,-2.8340 ,1.1048 ,0.4682 ,-2.8170 ,-6.0624 ,-2.0212 ,-2.1888 
1999-07-30,-0.7360 ,-0.4560 ,-2.8011 ,-1.4765 ,-5.7635 ,-0.8954 ,-0.4753 ,-3.2424 ,13.1564 ,-1.0537 ,-1.3549 ,-6.3549 ,-2.4761 ,-2.1818 
1999-08-31,-0.3701 ,0.6250 ,-15.1701 ,-0.4835 ,-5.4407 ,-3.3841 ,-0.5029 ,-2.7720 ,10.3749 ,-3.9272 ,-2.7151 ,-5.7486 ,-3.4553 ,-3.4411 
1999-09-30,-0.2874 ,5.1091 ,-23.8095 ,-1.1837 ,-5.9727 ,-3.3283 ,-0.0391 ,-1.6949 ,8.8784 ,0.0000 ,-7.7419 ,-6.3566 ,-3.8161 ,-2.9181 
1999-10-29,-0.8001 ,-0.1482 ,-2.1692 ,-1.7454 ,-6.0869 ,-2.7169 ,-0.1483 ,-0.7359 ,2.6286 ,-2.4145 ,-6.0423 ,-6.6204 ,-3.2109 ,-2.9733 
1999-11-30,-1.2217 ,8.6201 ,-2.1561 ,-1.5664 ,-5.7178 ,-2.4142 ,-0.5902 ,-5.9421 ,8.7724 ,2.0422 ,-2.6148 ,-6.6883 ,-2.7107 ,-4.9274 
1999-12-31,-1.1802 ,9.9014 ,0.1481 ,-1.1904 ,-5.4157 ,-2.9253 ,-0.4101 ,-5.1035 ,0.6130 ,-0.4606 ,-3.1157 ,-6.2410 ,-3.3570 ,-4.5373 
2000-01-31,-1.3745 ,12.2968 ,8.0637 ,-2.0060 ,-5.7675 ,-3.2720 ,-0.5495 ,-3.0705 ,-12.7674 ,-3.5053 ,-2.7159 ,-7.4311 ,-4.2384 ,-3.9924 
2000-02-29,-1.2844 ,18.8848 ,-1.2889 ,-1.8975 ,-5.6384 ,-2.9719 ,-1.0976 ,-7.5730 ,20.4885 ,-1.5217 ,-3.1451 ,-6.6076 ,-3.5353 ,-4.6504 
2000-03-31,-1.4766 ,5.9733 ,-1.1280 ,-1.2919 ,-5.5182 ,-3.4166 ,-1.2688 ,3.2954 ,15.0122 ,-1.9124 ,-3.3104 ,-6.9453 ,-3.9450 ,-5.1936 
2000-04-28,-1.5699 ,3.5186 ,-1.6313 ,-1.1068 ,-5.5386 ,-1.6367 ,-1.3712 ,-3.9873 ,8.1761 ,0.3768 ,-3.1851 ,-7.1113 ,-4.7133 ,-3.4335 
2000-05-31,-1.8304 ,6.9200 ,1.0322 ,-0.5919 ,-5.5379 ,-1.2419 ,-1.2571 ,-1.1522 ,17.3172 ,2.3908 ,-3.8163 ,-6.7497 ,-5.3652 ,-2.5867 
2000-06-30,-1.7266 ,13.3361 ,2.3195 ,-0.1997 ,-6.2227 ,6.4755 ,-1.3242 ,1.2652 ,18.9773 ,10.0678 ,-4.9658 ,-6.5706 ,-5.0918 ,-5.6609 
2000-07-31,-1.7366 ,1.5152 ,-2.1790 ,-0.6868 ,-6.8592 ,-3.4303 ,-1.1440 ,1.8871 ,30.2752 ,2.6034 ,-4.8014 ,-7.3884 ,-5.2648 ,-5.7177 
2000-08-31,-1.4528 ,9.4174 ,-3.9945 ,0.0614 ,-6.1432 ,-3.2911 ,-1.0571 ,1.5300 ,13.1198 ,-1.6044 ,-3.8638 ,-6.6219 ,-6.2956 ,-4.9669 
2000-09-29,-1.5831 ,1.5118 ,-5.6216 ,0.0597 ,-6.1065 ,-3.5522 ,-1.3383 ,9.7405 ,4.7933 ,-0.2036 ,-5.5895 ,-6.7907 ,-5.8838 ,-2.9921 
2000-10-31,-1.5845 ,11.3906 ,-3.1203 ,-1.0899 ,-5.8748 ,-2.9106 ,-1.4749 ,8.3533 ,8.4704 ,4.5318 ,-6.4800 ,-7.4278 ,-6.6520 ,-3.4108 
2000-11-30,-1.5972 ,8.4085 ,8.0739 ,0.3824 ,-5.7395 ,-2.2369 ,-1.5777 ,9.4236 ,1.4019 ,2.8837 ,-4.0425 ,-6.0556 ,-7.1329 ,-3.1752 
2000-12-29,-1.5955 ,10.8837 ,39.9759 ,0.2875 ,-5.3048 ,-2.2207 ,-1.4826 ,7.2151 ,-0.6766 ,4.4403 ,-4.4016 ,-6.0716 ,-7.2993 ,-5.2241 
2001-01-31,-1.2540 ,8.9413 ,25.5975 ,1.0561 ,-6.0437 ,-2.2866 ,-1.4276 ,5.4475 ,-17.2539 ,0.8975 ,-4.1725 ,-6.9025 ,-6.8868 ,0.6707 
2001-02-28,-1.1956 ,-1.2903 ,-3.1324 ,-0.1038 ,-5.7845 ,-2.5212 ,-1.5253 ,11.2827 ,2.0185 ,-0.5363 ,-4.1974 ,-6.3713 ,-6.3482 ,-2.5635 
2001-03-30,-0.9133 ,-3.2932 ,-2.8080 ,-1.1020 ,-6.8789 ,-1.5414 ,-1.4864 ,7.4124 ,6.6008 ,3.0072 ,-3.2780 ,-7.1920 ,-6.9124 ,-4.1812 
2001-04-30,-0.5981 ,-4.7793 ,-5.0657 ,-1.1523 ,-5.8925 ,0.7151 ,-1.2691 ,5.2845 ,20.6855 ,5.6063 ,-2.6346 ,-5.5434 ,-7.1752 ,-6.0300 
2001-05-31,-0.6119 ,-1.7532 ,-6.3492 ,-1.6072 ,-6.1355 ,4.7482 ,-1.2542 ,3.0378 ,15.2473 ,10.3257 ,-2.8878 ,-5.7303 ,-8.3056 ,-6.5467 
2001-06-29,-0.7219 ,1.9164 ,-7.2605 ,-1.7241 ,-5.8045 ,6.0635 ,-1.2171 ,2.8417 ,5.1232 ,6.3897 ,-3.5426 ,-6.0379 ,-6.9242 ,-4.4704 
2001-07-31,-0.8185 ,7.5023 ,-4.8104 ,-1.5696 ,-5.4885 ,-0.0800 ,-1.1195 ,1.0042 ,12.3518 ,10.2407 ,-2.9808 ,-5.2597 ,-6.8653 ,-5.0334 
2001-08-31,-0.8582 ,-1.7139 ,-36.9004 ,-1.6120 ,-5.1335 ,-2.2457 ,-1.0575 ,2.3985 ,12.0171 ,-0.4707 ,-2.8725 ,-3.6262 ,-5.5649 ,-4.5570 
2001-09-28,-0.2227 ,-3.7705 ,-48.0549 ,-1.5299 ,-5.7704 ,-3.4672 ,-0.5977 ,3.0218 ,1.6101 ,2.0365 ,-4.9031 ,-4.3380 ,-5.8292 ,-5.9400 
2001-10-31,-0.3499 ,-2.2643 ,-13.7810 ,-1.2445 ,-6.3710 ,-1.9184 ,-0.6609 ,5.5315 ,-5.3151 ,4.8876 ,-3.7007 ,-2.7709 ,-5.6233 ,-4.7319 
2001-11-30,-0.3077 ,-2.9095 ,-9.2454 ,-0.9547 ,-5.3926 ,-1.0422 ,-0.5618 ,12.3984 ,-5.8790 ,2.6886 ,-2.2585 ,-0.8450 ,-6.5863 ,-4.8967 
2001-12-31,-0.3637 ,-4.6297 ,1.3951 ,-1.4098 ,-4.9447 ,-1.5384 ,0.0000 ,14.2237 ,-7.2304 ,1.4955 ,-2.2986 ,1.7196 ,-6.4283 ,-6.9106 
2002-01-31,-0.4046 ,-5.9494 ,-8.4801 ,-1.0579 ,-5.3875 ,-1.4165 ,-0.5530 ,17.6457 ,-38.5606 ,3.3074 ,-2.2428 ,-2.1217 ,-8.4945 ,-6.6030 
2002-02-28,-0.4402 ,-3.0358 ,-7.7473 ,-1.1298 ,-5.3399 ,-1.9033 ,-0.5426 ,18.8692 ,-3.0976 ,-0.2240 ,-2.6938 ,-3.8998 ,-7.2314 ,-6.7617 
2002-03-29,-0.4690 ,-0.7846 ,-2.3810 ,-1.3839 ,-5.2713 ,-1.4991 ,-0.5621 ,21.9532 ,1.5964 ,0.0000 ,-2.2355 ,-2.3459 ,-5.6306 ,-6.0219 
2002-04-30,-0.5117 ,4.4560 ,-2.6157 ,-1.0258 ,-5.1697 ,2.1248 ,-0.7041 ,1.4077 ,4.4465 ,4.8500 ,-2.7598 ,-3.8890 ,-7.4044 ,-6.9472 
2002-05-31,-0.5399 ,-0.9846 ,-5.8204 ,-1.3207 ,-4.6791 ,3.1597 ,-0.6697 ,2.2086 ,-0.0809 ,6.2329 ,-1.4522 ,-3.4387 ,-7.3899 ,-5.6266 
2002-06-28,-0.5632 ,1.9365 ,-2.8516 ,-0.8356 ,-4.7386 ,8.7336 ,-0.6233 ,-3.7771 ,5.8222 ,7.8006 ,-2.5239 ,-3.5668 ,-6.6303 ,-5.4652 
2002-07-31,-0.5553 ,6.7027 ,-1.9731 ,-1.3400 ,-3.9629 ,5.2611 ,-0.6579 ,-0.5660 ,18.3579 ,12.7212 ,-1.1118 ,-3.1945 ,-7.3187 ,-5.4757 
2002-08-30,-0.5939 ,1.9531 ,-27.5786 ,-1.1854 ,-2.3082 ,-0.3753 ,-0.5444 ,0.2222 ,3.5212 ,2.8398 ,-0.5631 ,-2.1832 ,-5.5269 ,-6.7155 
2002-09-30,-0.4023 ,2.7394 ,-15.2837 ,-1.4002 ,-3.1821 ,-1.4883 ,-0.6316 ,6.6209 ,5.3650 ,-0.9047 ,-0.7860 ,-0.9615 ,-5.6711 ,-6.4020 
2002-10-31,-0.4621 ,4.3617 ,-7.5794 ,-1.0743 ,-1.9623 ,1.2812 ,-0.5888 ,12.9801 ,9.6617 ,-1.6486 ,0.0000 ,0.6872 ,-4.8047 ,-4.8070 
2002-11-29,-0.4116 ,2.0421 ,4.0209 ,-0.8472 ,-1.1794 ,1.4026 ,-0.4714 ,16.0291 ,-2.2158 ,0.5078 ,0.8980 ,8.7538 ,-5.0632 ,-11.1157 
2002-12-31,-0.3758 ,6.6471 ,7.3834 ,-1.3659 ,-2.7351 ,1.8337 ,-0.4346 ,16.6070 ,4.7436 ,0.8861 ,0.5398 ,3.8725 ,-6.2850 ,-10.7493 
2003-01-31,-0.4123 ,8.3995 ,16.7737 ,-1.1089 ,-1.3647 ,0.8767 ,-0.4303 ,10.4983 ,-14.9667 ,1.2514 ,-1.1995 ,3.9281 ,-6.5092 ,-11.5266 
2003-02-28,-0.3862 ,15.3995 ,104.4927 ,-0.7196 ,-1.5663 ,0.2141 ,-0.3150 ,12.3055 ,6.7744 ,1.5971 ,-0.7799 ,2.9586 ,-6.8064 ,-2.0429 
2003-03-31,-0.3344 ,22.6350 ,-2.6144 ,-0.8979 ,-0.3459 ,0.3575 ,-0.5041 ,9.2453 ,8.3914 ,1.4431 ,-0.9912 ,-1.2763 ,-6.8619 ,-3.2861 
2003-04-30,-0.3793 ,4.3078 ,-5.0478 ,-0.6927 ,0.0000 ,4.1674 ,-0.5085 ,0.7601 ,5.7810 ,8.9177 ,0.7365 ,-3.1801 ,-3.5935 ,-3.9149 
2003-05-30,-0.3033 ,11.7366 ,-2.8334 ,-0.6473 ,0.8573 ,0.7767 ,-0.4103 ,1.7154 ,5.5783 ,2.7366 ,-0.8746 ,-2.9040 ,-6.0233 ,-6.1243 
2003-06-30,-0.3202 ,4.8649 ,-2.6559 ,-0.6320 ,0.0000 ,17.8614 ,-0.4407 ,-2.2774 ,9.5424 ,13.9382 ,-1.5624 ,-3.4287 ,-4.7855 ,-4.3398 
2003-07-31,-0.3686 ,2.9051 ,-2.1061 ,-0.0648 ,-3.1101 ,3.1964 ,-0.1660 ,0.0000 ,16.6775 ,11.2952 ,1.4618 ,-3.2141 ,-3.9683 ,-4.5639 
2003-08-29,-0.4351 ,2.8635 ,-15.2093 ,-0.2030 ,-2.6613 ,-0.4164 ,-0.2137 ,-1.2480 ,25.5004 ,1.7559 ,-0.0813 ,-2.0520 ,-4.1576 ,-4.8321 
2003-09-30,-0.3565 ,3.2273 ,-18.3655 ,-0.6672 ,-4.0833 ,-0.6029 ,-0.1707 ,0.0000 ,13.1141 ,-0.3015 ,0.4923 ,-2.7510 ,-4.1104 ,-3.0509 
2003-10-31,-0.4471 ,3.1076 ,-13.5332 ,-0.6981 ,-2.2848 ,3.0238 ,-0.3676 ,-3.9160 ,1.9897 ,1.0857 ,4.2398 ,-3.1067 ,-5.2325 ,-2.9210 
2003-11-28,-0.3581 ,1.9648 ,-2.4856 ,0.0944 ,-2.0471 ,0.5145 ,-0.3517 ,-0.7583 ,-1.3924 ,0.0000 ,1.9796 ,4.1034 ,-4.9333 ,-3.0447 
2003-12-31,-0.4185 ,2.3984 ,11.4958 ,0.6622 ,-1.7548 ,0.6020 ,-0.3462 ,-5.1465 ,-0.1913 ,-0.2597 ,0.9752 ,-0.5246 ,-4.7370 ,-2.4006 
2004-01-30,-0.4059 ,9.5468 ,16.8317 ,1.1363 ,-2.9603 ,-0.6270 ,-0.3304 ,-4.2187 ,-14.8714 ,-0.5569 ,-0.4327 ,-2.4111 ,-4.0913 ,-4.4178 
2004-02-27,-0.4121 ,9.0023 ,-2.7467 ,1.9095 ,-1.4745 ,3.1183 ,-0.3067 ,2.4468 ,4.2900 ,2.8448 ,1.3600 ,-0.6269 ,-3.9330 ,-1.7660 
2004-03-31,-0.3882 ,6.4614 ,-2.9846 ,0.5857 ,-2.7700 ,0.0000 ,-0.2195 ,-4.4845 ,5.9177 ,2.0063 ,0.8693 ,-3.0559 ,-4.6992 ,-4.4713 
2004-04-30,-0.4290 ,2.4517 ,-4.4818 ,3.2708 ,0.7590 ,26.0777 ,-0.3436 ,-3.7742 ,5.6214 ,18.3639 ,13.0086 ,-2.3434 ,-5.1956 ,-2.9544 
2004-05-31,-0.5379 ,1.5289 ,-2.4143 ,1.2725 ,2.2869 ,16.7742 ,-0.4738 ,-3.8608 ,13.5241 ,10.5263 ,6.0496 ,-3.5939 ,-3.7745 ,2.9316 
2004-06-30,-0.4990 ,-0.7817 ,-1.0258 ,3.0382 ,-1.8521 ,38.3339 ,-0.5847 ,-3.2744 ,6.1430 ,39.2081 ,9.9620 ,-3.6143 ,-4.3451 ,-0.5025 
2004-07-30,-0.5326 ,5.4443 ,-3.5385 ,2.8000 ,-4.0204 ,1.6383 ,-0.5334 ,-3.3416 ,13.9732 ,21.8424 ,9.3384 ,-4.4733 ,-5.3490 ,-2.0706 
2004-08-31,-0.5867 ,0.6562 ,-38.7833 ,3.9088 ,-3.3979 ,-1.4419 ,-0.5458 ,-4.4820 ,0.9415 ,-1.0857 ,1.8215 ,-3.4201 ,-4.6535 ,-1.6616 
2004-09-30,-0.6537 ,2.9127 ,-39.2927 ,4.8922 ,-5.5234 ,-2.3004 ,-0.5986 ,-0.1838 ,4.2952 ,-2.8033 ,-0.3108 ,-4.1830 ,-3.9942 ,-4.9693 
2004-10-29,-0.7197 ,1.0003 ,-20.6255 ,1.1205 ,-5.4773 ,-2.1177 ,-0.6282 ,-3.0441 ,-3.3532 ,-3.5243 ,-1.1959 ,-4.0589 ,-4.3339 ,1.0221 
2004-11-30,-0.7439 ,-0.8513 ,-4.1046 ,6.4873 ,-5.9172 ,-0.3953 ,-0.7285 ,-3.1447 ,-3.2261 ,-1.8318 ,-1.6219 ,-3.2547 ,-3.0542 ,-0.7536 
2004-12-31,-0.7689 ,-1.2502 ,-2.6519 ,4.4443 ,-6.4554 ,-1.8075 ,-0.8781 ,-3.7838 ,-6.4693 ,-2.0202 ,-1.8237 ,-3.5800 ,-3.4797 ,-1.5753 
2005-01-31,-0.8700 ,-1.9111 ,-1.1938 ,3.0570 ,-6.1125 ,0.7317 ,-0.9909 ,-5.5905 ,-15.6040 ,0.8715 ,-1.1966 ,-4.3236 ,-3.5770 ,-4.6704 
2005-02-28,-0.9162 ,-3.6945 ,-4.0508 ,3.9702 ,-4.9142 ,-0.7742 ,-0.9109 ,-0.8747 ,-7.8760 ,-1.3035 ,-0.4134 ,-2.8679 ,-3.1230 ,-3.2369 
2005-03-31,-0.9669 ,-6.0262 ,-4.6670 ,1.1351 ,-5.8386 ,-2.1556 ,-0.9824 ,-3.6245 ,-2.2387 ,-1.5377 ,-0.9105 ,-4.7299 ,-3.5565 ,-4.2928 
2005-04-29,-0.9559 ,-10.5078 ,-4.9343 ,2.4217 ,-5.8254 ,0.1377 ,-1.0226 ,0.3779 ,-2.8715 ,0.3568 ,0.6098 ,-4.0986 ,-3.2208 ,-2.2758 
2005-05-31,-1.0855 ,-5.0989 ,-3.9015 ,7.1762 ,-6.1161 ,-0.6325 ,-0.9107 ,-1.3480 ,-0.3991 ,0.0000 ,-1.6307 ,-4.9483 ,-4.1788 ,-5.2327 
2005-06-30,-1.1554 ,-5.9933 ,-2.1550 ,7.7102 ,-4.5047 ,-1.1505 ,-0.8477 ,-0.4932 ,0.0968 ,0.0000 ,-2.2737 ,-3.9931 ,-3.8229 ,-5.5817 
2005-07-29,-1.1103 ,-6.0408 ,-2.4340 ,4.5222 ,-5.2012 ,-2.3274 ,-1.0046 ,0.1350 ,18.7882 ,0.6343 ,-1.0924 ,-4.6557 ,-4.6447 ,-4.6544 
2005-08-31,-1.1045 ,-2.2571 ,-5.4725 ,5.3362 ,-5.2561 ,-1.9260 ,-1.0007 ,-3.1327 ,30.7884 ,-1.5899 ,-2.0851 ,-4.6925 ,-3.4374 ,-5.2404 
2005-09-30,-1.3042 ,0.0521 ,-11.0439 ,4.9874 ,-6.2508 ,-2.8576 ,-0.7699 ,0.4540 ,13.5491 ,-3.2927 ,-3.5798 ,-4.6873 ,-3.7617 ,-3.4865 
2005-10-31,-1.3919 ,-3.2601 ,-11.4970 ,4.0584 ,-7.3986 ,-2.3534 ,-1.1619 ,0.2997 ,-7.3796 ,-3.4985 ,-3.8911 ,-5.2592 ,-3.8510 ,-5.2263 
2005-11-30,-1.4014 ,-5.0412 ,-2.6274 ,5.4009 ,-6.6586 ,-2.4283 ,-1.0220 ,1.2362 ,-10.3925 ,-1.3449 ,-2.6956 ,-4.5009 ,-3.8237 ,-4.0438 
2005-12-30,-1.4094 ,-4.3417 ,-4.2131 ,5.0851 ,-6.9680 ,-2.3162 ,-1.3470 ,-0.8044 ,-4.2089 ,-0.8591 ,-1.8373 ,-4.6170 ,-3.4704 ,-1.5539 
2006-01-31,-1.3672 ,-4.2604 ,-3.8537 ,1.9166 ,-7.5864 ,-3.4918 ,-1.3670 ,0.5662 ,-22.4000 ,-2.5270 ,-3.2723 ,-5.3788 ,-3.9897 ,-4.1419 
2006-02-28,-1.4504 ,-8.4643 ,-10.0800 ,2.3283 ,-6.0743 ,-2.8216 ,-0.8509 ,3.8946 ,-10.8205 ,-2.3969 ,-2.2844 ,-5.0423 ,-3.4701 ,-3.6174 
2006-03-31,-1.4710 ,-5.9804 ,-9.4340 ,0.8227 ,-7.2223 ,-3.7954 ,-1.2917 ,0.0887 ,-0.5778 ,-1.9751 ,-3.2742 ,-6.0375 ,-4.1846 ,-5.9524 
2006-04-28,-1.5619 ,-7.6003 ,-11.3469 ,2.3372 ,-6.6752 ,-2.9253 ,-0.9645 ,-1.6763 ,0.2715 ,-2.5792 ,-1.2493 ,-5.6441 ,-3.9444 ,-5.6114 
2006-05-31,-1.7063 ,-4.6111 ,-12.3432 ,1.6637 ,-6.9124 ,-4.1216 ,-1.4502 ,-2.0234 ,2.9513 ,-2.0452 ,-3.4250 ,-5.7321 ,-4.6693 ,-8.3521 
2006-06-30,-1.7967 ,-3.5646 ,-12.6084 ,3.1503 ,-6.0170 ,-3.9792 ,-1.0268 ,-1.3410 ,3.7951 ,-2.1784 ,-2.6660 ,-4.9046 ,-3.8717 ,-7.0353 
2006-07-31,-1.6221 ,-5.8322 ,-9.7928 ,1.8466 ,-7.2974 ,-3.8951 ,-1.4403 ,-1.9274 ,1.2989 ,-4.1421 ,-2.6338 ,-5.0130 ,-4.4036 ,-5.7076 
2006-08-31,-1.5509 ,-5.6434 ,-88.3163 ,1.6951 ,-6.2374 ,-4.0196 ,-1.1269 ,-4.6622 ,-5.8834 ,-2.6982 ,-2.5900 ,-4.2394 ,-3.7414 ,-6.3544 
2006-09-29,-1.5853 ,-6.9035 ,-73.3918 ,0.8964 ,-5.1468 ,-4.4464 ,-1.3729 ,-1.3834 ,-8.7644 ,-1.8877 ,-5.7978 ,-3.6390 ,-3.7532 ,-6.9384 
2006-10-31,-1.6316 ,-9.6931 ,-20.0050 ,-0.0492 ,-4.6469 ,-2.5673 ,-1.4930 ,-1.9633 ,-11.3128 ,-1.8092 ,-4.2094 ,-4.4179 ,-3.9666 ,-7.8005 
2006-11-30,-1.6198 ,-6.7817 ,-1.7036 ,-0.2520 ,-1.3531 ,-3.4531 ,-1.3934 ,1.4709 ,-3.6785 ,-2.7953 ,-2.4137 ,-1.4025 ,-3.7991 ,-3.7428 
2006-12-29,-1.6573 ,-7.3520 ,-11.2036 ,-0.8383 ,-3.3939 ,-2.8304 ,-1.4581 ,0.5600 ,-9.3600 ,-2.2985 ,-2.3932 ,-2.2589 ,-3.9356 ,-2.3012 
2007-01-31,-1.5299 ,-4.3088 ,0.5225 ,-0.5884 ,-4.6331 ,-3.3479 ,-1.5072 ,-3.1847 ,-27.6646 ,-3.9344 ,-2.5847 ,-4.6011 ,-4.5562 ,-3.3019 
2007-02-28,-1.4969 ,-6.4966 ,-4.8895 ,-0.3074 ,-3.2827 ,-3.1153 ,-1.4871 ,1.4327 ,-2.3923 ,-3.8119 ,-2.0867 ,-3.5105 ,-3.6581 ,-2.3915 
2007-03-30,-1.4575 ,-7.4107 ,-5.3906 ,0.3780 ,-4.7557 ,-3.5883 ,-1.6102 ,-2.0000 ,2.9261 ,-4.2932 ,-2.2276 ,-5.7851 ,-4.2407 ,-4.3647 
2007-04-30,-1.4725 ,-7.6959 ,-6.5817 ,0.9737 ,0.8686 ,-2.7101 ,-1.5432 ,-4.0700 ,8.8441 ,-4.0343 ,-0.9226 ,-4.0580 ,-4.2864 ,-6.6109 
2007-05-31,-1.5105 ,-5.0264 ,-5.0474 ,0.3144 ,-0.5068 ,-2.7850 ,-1.5909 ,-0.5851 ,6.8858 ,-3.1378 ,-2.3451 ,-4.4755 ,-4.0716 ,-7.0672 
2007-06-29,-1.5221 ,-1.3208 ,-4.1916 ,1.5172 ,-3.3680 ,-3.6339 ,-1.5378 ,-3.1169 ,7.2802 ,-3.4508 ,-2.1702 ,-2.4300 ,-3.6724 ,-4.9821 
2007-07-31,-1.5719 ,2.6203 ,-12.7928 ,0.8104 ,-5.2978 ,-3.1066 ,-1.4826 ,-0.5609 ,16.9654 ,-3.5617 ,-2.9801 ,-3.2171 ,-3.7156 ,-5.0476 
2007-08-31,-1.5162 ,3.0687 ,-46.5731 ,0.9462 ,-4.9389 ,-2.8296 ,-1.4016 ,-1.9919 ,4.3815 ,-2.9717 ,-1.3687 ,0.6056 ,-3.4900 ,-5.9385 
2007-09-28,-1.3436 ,5.8648 ,-36.1237 ,0.5766 ,-4.5876 ,-2.8040 ,-1.3875 ,-0.6435 ,-0.0816 ,-1.7068 ,-3.2729 ,-0.9283 ,-3.0317 ,-5.6453 
2007-10-31,-1.3075 ,4.2216 ,-13.1401 ,-0.6292 ,-4.8265 ,-2.3626 ,-1.3531 ,-1.6263 ,-1.9619 ,-2.0634 ,-3.0959 ,-2.8483 ,-3.5915 ,-7.4496 
2007-11-30,-1.2575 ,1.4567 ,-2.8367 ,-0.3790 ,-4.5648 ,-2.6576 ,-1.2765 ,-4.8936 ,-3.5046 ,-2.6313 ,-2.1061 ,0.9309 ,-3.0617 ,-4.2562 
2007-12-31,-1.2618 ,0.7200 ,-1.7422 ,-0.5813 ,-3.9513 ,-2.0663 ,-1.3082 ,-4.4227 ,-4.1038 ,-2.3042 ,-1.5703 ,-1.4686 ,-2.9643 ,-3.6167 
2008-01-31,-0.8179 ,0.2727 ,0.0000 ,-0.8755 ,-3.8329 ,-2.2830 ,-0.8872 ,-6.3738 ,-19.6014 ,-2.2723 ,-1.9301 ,-2.7741 ,-2.9232 ,-4.4199 
2008-02-29,-0.8648 ,1.2180 ,-1.6924 ,0.5247 ,-3.4604 ,-1.0074 ,-0.7657 ,-1.4448 ,-1.9240 ,-1.0653 ,-1.1824 ,14.0984 ,-2.1126 ,-3.1548 
2008-03-31,-0.6971 ,1.7311 ,-2.4893 ,0.0000 ,-4.1547 ,-2.3949 ,-0.8343 ,-5.8162 ,0.5083 ,-1.2618 ,-2.2612 ,-1.3997 ,-3.1148 ,-7.5440 
2008-04-30,-0.7977 ,2.0889 ,-4.2715 ,0.9604 ,-2.5466 ,2.7232 ,-0.9346 ,-7.6173 ,0.8904 ,3.0450 ,-1.6506 ,-2.9634 ,-2.8300 ,-7.4673 
2008-05-30,-0.7619 ,-0.3676 ,-2.3636 ,-0.0470 ,-3.6054 ,-1.2373 ,-0.9593 ,-13.4087 ,3.9497 ,-2.4374 ,-1.8311 ,-3.4298 ,-2.9233 ,-8.2790 
2008-06-30,-0.7996 ,-1.4227 ,-1.6704 ,0.6340 ,-2.7944 ,3.0477 ,-0.8677 ,-6.9311 ,-0.6394 ,3.2454 ,-1.9645 ,-2.8664 ,-2.4887 ,-6.6565 
2008-07-31,-0.8350 ,-1.0465 ,-3.7944 ,0.5549 ,-3.6178 ,-1.1023 ,-0.8836 ,-5.2063 ,9.1114 ,2.4264 ,-1.7526 ,-3.3969 ,-2.9171 ,-6.3758 
2008-08-29,-0.7851 ,-1.1608 ,-15.2185 ,0.4378 ,-3.4568 ,-2.1385 ,-0.9128 ,-8.2418 ,4.4688 ,0.1894 ,-1.6574 ,-3.1958 ,-2.6847 ,-5.3740 
2008-09-30,-1.0119 ,1.2634 ,-17.2850 ,-0.1773 ,-4.1222 ,-2.6622 ,-0.9274 ,-3.0126 ,2.0461 ,-2.9482 ,-3.5017 ,-3.3300 ,-3.5462 ,-8.0082 
2008-10-31,-0.3354 ,-3.3738 ,-10.9376 ,-0.3716 ,-4.6525 ,-2.2344 ,-0.1167 ,-3.5434 ,-6.8313 ,-1.4362 ,-4.2680 ,-4.0462 ,-4.4329 ,-9.6009 
2008-11-28,-0.2556 ,-7.7817 ,-3.0441 ,-1.1350 ,-4.9167 ,-1.5480 ,-0.2400 ,-5.4985 ,-9.3738 ,-0.7426 ,-2.2754 ,-3.7885 ,-3.5132 ,0.1801 
2008-12-31,-0.1822 ,-26.4889 ,-2.2097 ,-1.2118 ,-4.1505 ,-1.8707 ,-0.1740 ,-6.4254 ,-15.2900 ,-0.9094 ,-1.6628 ,-3.2982 ,-3.2808 ,-1.0140 
2009-01-30,-0.3280 ,-34.4523 ,-5.3464 ,-1.6029 ,-4.6496 ,-1.1033 ,-0.2735 ,-4.0943 ,-19.5139 ,0.8865 ,-1.8511 ,-3.5410 ,-3.0278 ,-3.5207 
2009-02-27,-0.3589 ,-14.1955 ,-5.8439 ,-1.0760 ,-4.2263 ,-0.5621 ,-0.1814 ,-1.6547 ,0.0000 ,1.5332 ,-1.7207 ,-3.6122 ,-3.1469 ,-5.0674 
2009-03-31,-0.2959 ,-11.8885 ,-12.2429 ,-0.8133 ,-3.9526 ,0.2587 ,-0.3415 ,-8.1168 ,-2.2416 ,2.0801 ,-1.4499 ,-3.7582 ,-2.5887 ,-2.9039 
2009-04-30,-0.2891 ,-6.5259 ,-13.4661 ,0.2807 ,-3.5191 ,10.0905 ,-0.2125 ,-4.2198 ,-1.2105 ,14.5886 ,-1.4951 ,-7.6600 ,-3.1573 ,-3.7307 
2009-05-29,-0.2300 ,-3.9074 ,-9.4171 ,-0.4464 ,-3.6143 ,9.9709 ,-0.2621 ,-6.3088 ,2.5907 ,16.3949 ,-1.3163 ,-6.4395 ,-2.4317 ,-4.6373 
2009-06-30,-0.2431 ,-4.4702 ,-12.7297 ,-0.4051 ,-3.8151 ,27.9518 ,-0.3267 ,-3.4929 ,0.9355 ,33.2753 ,-1.5496 ,-4.8559 ,-2.5951 ,-5.2762 
2009-07-31,-0.2194 ,-7.2404 ,-20.4656 ,-0.2274 ,-3.1442 ,10.5227 ,-0.3032 ,-3.9698 ,19.8845 ,27.4523 ,-1.6940 ,-5.4377 ,-2.6424 ,-5.7085 
2009-08-31,-0.2199 ,-3.5381 ,-85.1259 ,-0.1178 ,-4.2303 ,-0.2877 ,-0.2526 ,-3.7170 ,1.4985 ,6.2268 ,-1.8880 ,-4.2758 ,-2.5454 ,-5.4334 
2009-09-30,-0.2083 ,-1.5006 ,-54.3741 ,-0.4905 ,-4.0613 ,-1.1231 ,-0.2064 ,7.9431 ,-2.5035 ,3.1950 ,-3.8988 ,-4.6455 ,-2.4383 ,-3.6517 
2009-10-30,-0.1853 ,-2.6591 ,-18.2878 ,-0.6912 ,-3.9702 ,0.2699 ,-0.2047 ,7.2779 ,-3.5493 ,8.3570 ,-4.0257 ,-4.3664 ,-2.4191 ,-5.0380 
2009-11-30,-0.1743 ,-5.8480 ,-6.5588 ,-0.6218 ,-3.6223 ,-0.9052 ,-0.1859 ,5.8143 ,-4.1996 ,2.8853 ,-1.6700 ,-3.1059 ,-1.9717 ,-2.6595 
2009-12-31,-0.2025 ,-2.4994 ,2.5824 ,-0.7183 ,-3.6479 ,-0.7908 ,-0.2147 ,10.8211 ,-3.2239 ,3.1735 ,-1.4654 ,-3.8610 ,-1.9985 ,-2.2286 
2010-01-29,-0.1511 ,-2.2398 ,0.6510 ,-0.8151 ,-4.8558 ,-1.8452 ,-0.2233 ,7.2150 ,-16.1620 ,3.1332 ,-1.9944 ,-4.6327 ,-2.3703 ,-3.9057 
2010-02-26,-0.1756 ,-1.5084 ,-4.5091 ,-0.6978 ,-4.4085 ,-1.3534 ,-0.2111 ,11.2853 ,-0.9571 ,0.2432 ,-1.7566 ,-3.7030 ,-2.0304 ,1.0268 
2010-03-31,-0.1793 ,-1.6631 ,-8.6471 ,-0.8221 ,-5.2882 ,-1.5531 ,-0.2442 ,0.7944 ,0.9156 ,0.6813 ,-1.9451 ,-4.7696 ,-1.9575 ,-2.4638 
2010-04-30,-0.1974 ,-7.5792 ,-9.7269 ,-0.7897 ,-3.4697 ,0.5013 ,-0.2419 ,-4.5376 ,-0.2524 ,1.5998 ,-1.5341 ,-4.8970 ,-1.5350 ,5.6298 
2010-05-31,-0.2694 ,-5.6546 ,-5.1410 ,-1.0068 ,-4.3710 ,3.5929 ,-0.3407 ,-3.6996 ,-0.4271 ,7.4766 ,-2.0261 ,-5.9391 ,-1.8409 ,2.8015 
2010-06-30,-0.2627 ,-2.2448 ,-2.5795 ,-0.8589 ,-3.1628 ,6.5104 ,-0.3648 ,-2.0383 ,1.0959 ,11.6214 ,-1.2807 ,-5.6952 ,-0.1324 ,5.1314 
2010-07-30,-0.2011 ,-1.7320 ,-0.6335 ,-0.6687 ,-3.7823 ,1.1805 ,-0.3070 ,3.4537 ,16.4302 ,8.2559 ,-1.4948 ,-5.1084 ,-0.3108 ,7.3723 
2010-08-31,-0.1650 ,-7.5961 ,-27.5995 ,-0.2631 ,-3.1939 ,-1.4405 ,-0.2510 ,1.4740 ,-0.5375 ,-0.6109 ,-1.5964 ,-3.7950 ,-0.0308 ,5.3888 
2010-09-30,-0.2408 ,-4.0354 ,-21.6608 ,-0.3035 ,-2.7327 ,-1.2804 ,-0.2591 ,13.0089 ,-0.9639 ,-1.7770 ,-2.1321 ,-5.1862 ,-0.8932 ,1.5970 
2010-10-29,-0.2581 ,-2.8272 ,-15.6541 ,-0.3412 ,-2.4276 ,-0.5808 ,-0.2617 ,14.0906 ,-1.3726 ,-1.3318 ,-2.2740 ,-5.8692 ,-1.0168 ,4.3883 
2010-11-30,-0.2556 ,-2.0578 ,-1.5083 ,0.2256 ,-2.2665 ,-1.1512 ,-0.3111 ,17.0735 ,0.7837 ,-1.1856 ,-1.4498 ,-5.8796 ,-0.5978 ,7.4176 
2010-12-31,-0.2493 ,-2.7602 ,-1.3730 ,0.2913 ,-1.9639 ,-0.7097 ,-0.3004 ,15.9163 ,-0.4257 ,-0.2670 ,-1.0498 ,-5.3813 ,-0.9270 ,9.0210 
2011-01-31,-0.1931 ,-7.9171 ,-0.7523 ,-0.2703 ,-2.6119 ,-1.2003 ,-0.1284 ,13.1259 ,-17.0249 ,-1.1317 ,-1.4274 ,-5.7422 ,-1.2238 ,5.5576 
2011-02-28,-0.1600 ,-6.0465 ,-6.1247 ,-0.3579 ,-0.4949 ,-0.9107 ,0.0286 ,12.9577 ,-1.9440 ,-0.9746 ,-1.4774 ,-5.9420 ,-1.1201 ,7.6321 
2011-03-31,-0.1567 ,-1.5642 ,-5.3372 ,-0.6712 ,-1.7832 ,-1.2202 ,-0.1064 ,13.3335 ,1.6071 ,-1.8920 ,-1.6297 ,-7.2649 ,-1.5721 ,6.1289 
2011-04-29,-0.1346 ,-1.3655 ,-4.0099 ,-0.6054 ,9.1233 ,0.6816 ,-0.0327 ,-1.9196 ,4.8765 ,-0.4735 ,-1.4654 ,-8.6218 ,-1.3905 ,9.1102 
2011-05-31,-0.1433 ,-1.9033 ,-2.4945 ,-0.7187 ,6.7438 ,1.0053 ,-0.0994 ,0.8983 ,3.6212 ,-0.8713 ,-1.6429 ,-9.6445 ,-1.8674 ,8.6770 
2011-06-30,-0.1127 ,-1.7053 ,-1.3106 ,-0.3836 ,4.8702 ,0.9356 ,-0.0599 ,1.6121 ,4.1171 ,0.9086 ,-1.2569 ,-7.2285 ,-1.4044 ,7.0501 
2011-07-29,-0.1285 ,-1.5425 ,-0.9622 ,-0.5128 ,-0.5340 ,-1.0569 ,-0.0685 ,2.9999 ,15.6106 ,-1.7835 ,-1.1905 ,-6.6402 ,-1.8473 ,0.4994 
2011-08-31,-0.2113 ,-1.3085 ,-9.8333 ,-0.4425 ,-1.6223 ,-1.1075 ,-0.0579 ,1.8224 ,5.4050 ,-2.1559 ,-1.0546 ,-4.7172 ,-0.8790 ,0.1085 
2011-09-30,-0.1918 ,-0.5651 ,-23.3468 ,-0.7273 ,-2.4037 ,-1.4712 ,-0.1496 ,4.5982 ,5.4866 ,-2.1464 ,-1.7829 ,-6.3316 ,-1.4755 ,3.0906 
2011-10-31,-0.1993 ,0.3693 ,-10.0263 ,-0.6018 ,-2.0010 ,-1.3027 ,-0.1501 ,3.9746 ,1.3615 ,-1.9916 ,-1.6851 ,-5.9948 ,-1.6276 ,1.5848 
2011-11-30,-0.2707 ,-0.3211 ,-2.6085 ,-0.4274 ,-1.9318 ,-1.4008 ,-0.1719 ,2.5296 ,-1.9422 ,-1.3907 ,-1.4118 ,-4.1634 ,-1.5946 ,0.9431 
2011-12-30,-0.2808 ,-0.5366 ,-2.8878 ,-0.5380 ,-2.0656 ,-1.3128 ,-0.2596 ,2.5001 ,0.2857 ,-1.4016 ,-1.1182 ,-4.5181 ,-2.0665 ,0.2146 
2012-01-31,-0.2683 ,-1.3368 ,-17.0584 ,-0.4668 ,-1.5879 ,-1.2887 ,-0.2759 ,3.9049 ,-12.5820 ,-1.0204 ,-1.4058 ,-3.4341 ,-2.2936 ,-2.1856 
2012-02-29,-0.2541 ,-1.3501 ,-11.9608 ,-0.4140 ,-0.6308 ,-0.9728 ,-0.2784 ,4.7286 ,0.6450 ,-0.3299 ,-1.2150 ,-3.0615 ,-2.1531 ,-2.5106 
2012-03-30,-0.2275 ,-1.5694 ,-17.8411 ,-0.3758 ,0.1943 ,-0.6213 ,-0.3125 ,6.2273 ,5.8375 ,-0.4277 ,-1.2310 ,-3.2765 ,-2.2232 ,-0.6869 
2012-04-30,-0.2191 ,-1.2776 ,-15.7002 ,0.1714 ,20.8055 ,4.5809 ,-0.3165 ,-2.0927 ,4.5169 ,5.6247 ,-1.0185 ,-2.8579 ,-2.0289 ,0.3905 
2012-05-31,-0.2302 ,-1.2282 ,-7.9269 ,-0.3888 ,8.9862 ,4.0753 ,-0.3242 ,-2.0000 ,6.4548 ,10.0569 ,-1.3911 ,-4.0839 ,-2.3139 ,-0.4538 
2012-06-29,-0.2245 ,-1.5008 ,-0.9627 ,-0.3100 ,-1.0820 ,7.0066 ,-0.3062 ,-1.4896 ,9.3716 ,4.1844 ,-1.2268 ,-2.7587 ,-1.9290 ,0.5801 
2012-07-31,-0.2309 ,-1.0565 ,-0.3336 ,-0.3645 ,0.1706 ,1.5734 ,-0.3106 ,-0.7421 ,26.3910 ,10.4057 ,-1.4154 ,-1.7351 ,-1.7669 ,-1.8368 
2012-08-31,-0.2310 ,-0.9366 ,-16.7725 ,-0.2756 ,-0.3117 ,0.5149 ,-0.2389 ,-2.3263 ,9.2763 ,0.8332 ,-1.1958 ,-1.2353 ,-2.4406 ,-1.7407 
2012-09-28,-0.2031 ,-1.5990 ,-27.2015 ,-0.2387 ,-0.4755 ,-0.1790 ,-0.2529 ,-0.3205 ,15.2937 ,1.9999 ,-2.0694 ,-1.1875 ,-2.5039 ,-1.5966 
2012-10-31,-0.2095 ,-1.7120 ,-11.5544 ,-0.3503 ,-0.1835 ,2.7808 ,-0.2602 ,0.5070 ,3.4834 ,4.7518 ,-2.3621 ,-1.8640 ,-3.2772 ,-2.0544 
2012-11-30,-0.2076 ,-1.9062 ,-1.9447 ,-0.3843 ,0.1635 ,0.7395 ,-0.2250 ,-0.3384 ,-0.0709 ,2.9339 ,-1.6534 ,-1.5980 ,-2.9988 ,-1.2782 
2012-12-31,-0.2222 ,-1.6817 ,-1.4859 ,-0.4053 ,-0.4682 ,1.2009 ,-0.2683 ,-0.7528 ,-0.2455 ,3.0255 ,-1.5681 ,-2.0290 ,-3.1378 ,-1.5065 
2013-01-31,-0.2069 ,-1.7135 ,-5.5804 ,-0.5424 ,-0.3314 ,0.9827 ,-0.2935 ,-0.5221 ,-16.7518 ,1.2786 ,-1.2923 ,-1.7683 ,-3.2275 ,-0.3818 
2013-02-28,-0.1764 ,-1.3437 ,-4.1111 ,-0.6903 ,4.6411 ,2.0076 ,-0.3108 ,-0.6427 ,3.3277 ,2.3672 ,-1.0289 ,-0.4731 ,-3.0843 ,-1.2199 
2013-03-29,-0.1689 ,-0.9196 ,-3.1302 ,-0.9581 ,4.8265 ,2.3549 ,-0.3408 ,-0.3830 ,2.8245 ,1.7351 ,-0.8079 ,-0.7972 ,-2.9836 ,-2.4245 
2013-04-30,-0.1508 ,-0.7828 ,-4.1453 ,-0.7148 ,19.0804 ,13.4014 ,-0.3427 ,-2.1904 ,2.3091 ,19.9475 ,1.1123 ,-1.9835 ,-2.6855 ,1.3334 
2013-05-31,-0.1388 ,-0.8134 ,-1.4383 ,-0.7687 ,17.2085 ,15.2279 ,-0.3422 ,-2.2032 ,2.0598 ,15.2298 ,0.0000 ,-2.2185 ,-2.6656 ,-3.3582 
2013-06-28,-0.1449 ,0.4291 ,0.5620 ,-0.4778 ,7.7955 ,32.6747 ,-0.2729 ,-3.0611 ,2.0750 ,28.4502 ,2.7590 ,-2.2502 ,-2.6281 ,3.2837 
2013-07-31,-0.0516 ,2.5071 ,-2.4836 ,-0.5548 ,4.5883 ,5.8165 ,-0.2597 ,-1.8954 ,17.0000 ,30.2146 ,-1.0649 ,-2.0696 ,-2.4460 ,0.9109 
2013-08-30,-0.0364 ,1.6635 ,-8.4723 ,-0.4279 ,-2.7778 ,0.3328 ,-0.2169 ,-2.1186 ,4.1604 ,1.8488 ,-1.2042 ,-1.8989 ,-2.7185 ,0.4337 
2013-09-30,-0.0864 ,1.4551 ,-16.1859 ,-0.3334 ,-3.1432 ,-0.2870 ,-0.2451 ,0.6351 ,2.3114 ,1.6272 ,-2.2645 ,-1.3596 ,-2.9624 ,0.2906 
2013-10-31,-0.0990 ,-0.9633 ,-7.2213 ,-0.2854 ,-2.7519 ,2.1691 ,-0.2535 ,1.1716 ,-0.5186 ,5.5958 ,-2.2520 ,-1.9407 ,-3.1889 ,-2.8028 
2013-11-29,-0.1179 ,-0.9448 ,-0.2297 ,-0.0503 ,-3.1253 ,2.4117 ,-0.2653 ,-0.8558 ,-1.2550 ,4.8312 ,-1.6592 ,-1.2166 ,-3.2613 ,-1.0265 
2013-12-31,-0.0954 ,-0.4397 ,3.1515 ,0.5480 ,-3.1434 ,1.9898 ,-0.2909 ,-1.4849 ,-0.7675 ,3.7806 ,-1.4945 ,-1.8081 ,-3.2656 ,0.4662 
2014-01-31,-0.0683 ,2.8805 ,37.8583 ,-0.0252 ,-2.0515 ,1.8416 ,-0.3031 ,-2.1844 ,-20.8571 ,5.9816 ,-1.2534 ,-0.7341 ,-2.5776 ,-0.9495 
2014-02-28,-0.0385 ,2.0819 ,4.0522 ,0.3550 ,-1.4026 ,3.4024 ,-0.2426 ,-1.1979 ,1.1120 ,5.2107 ,-0.3132 ,-1.6171 ,-1.6983 ,0.4567 
2014-03-31,-0.0377 ,2.6922 ,-2.4977 ,0.1868 ,-1.5366 ,3.9564 ,-0.3016 ,-3.2552 ,1.6532 ,5.5517 ,-0.8473 ,-0.9932 ,-1.8519 ,-0.0509 
2014-04-30,-0.0124 ,2.0505 ,-1.9936 ,0.2242 ,1.8672 ,16.1206 ,-0.2824 ,-3.7318 ,3.9656 ,20.2785 ,0.2300 ,-1.8842 ,-1.5501 ,13.5626 
2014-05-30,-0.0382 ,2.2370 ,1.2057 ,0.4352 ,2.8202 ,15.5686 ,-0.3350 ,-4.8402 ,3.7443 ,17.9022 ,-0.9190 ,-3.2565 ,-2.2611 ,12.8806 
2014-06-30,-0.0480 ,2.1072 ,1.6309 ,0.0831 ,-1.6797 ,39.2851 ,-0.2973 ,-4.1970 ,4.3369 ,33.4639 ,-0.7949 ,-3.8115 ,-2.2138 ,-0.2947 
2014-07-31,-0.1150 ,2.6467 ,-2.2412 ,-0.2955 ,-2.9943 ,2.6039 ,-0.3222 ,-6.5388 ,16.7726 ,9.0605 ,-0.5177 ,-3.9942 ,-2.0458 ,-2.0678 
2014-08-29,-0.1146 ,3.4113 ,-3.7547 ,-0.3227 ,-3.7818 ,-1.3099 ,-0.3429 ,-7.4541 ,4.4765 ,5.9929 ,-0.6856 ,-3.5844 ,-2.0896 ,2.5787 
2014-09-30,-0.0996 ,3.2864 ,-6.0992 ,-0.1886 ,-4.2012 ,-1.4236 ,-0.2659 ,-2.3193 ,7.3274 ,1.5284 ,-2.5987 ,-2.8565 ,-2.2818 ,1.6724 
2014-10-31,-0.1176 ,0.5145 ,-6.3890 ,0.2991 ,-3.5289 ,-0.6548 ,-0.4007 ,-2.9613 ,0.2966 ,18.4281 ,-1.9037 ,-2.6680 ,-2.4572 ,2.6722 
2014-11-28,-0.0686 ,-0.5188 ,0.2448 ,-0.1151 ,-3.3518 ,-1.0960 ,-0.2840 ,-3.7392 ,-0.6371 ,7.4642 ,-0.6384 ,-1.6557 ,-2.1503 ,-2.4610 
2014-12-31,-0.1089 ,-2.5830 ,-0.8633 ,0.1161 ,-3.4782 ,-1.0956 ,-0.3461 ,-4.3241 ,-7.5983 ,3.1700 ,-1.0470 ,-1.2887 ,-2.6580 ,-2.2586 
2015-01-30,-0.1059 ,-5.4676 ,0.4962 ,0.2633 ,-3.6221 ,-1.1250 ,-0.3802 ,-2.6810 ,-40.4217 ,2.9371 ,-1.2801 ,-1.2731 ,-2.7837 ,-1.8959 
2015-02-27,-0.1257 ,-14.2645 ,-4.1727 ,0.2362 ,-3.2685 ,-0.4753 ,-0.3634 ,-3.2670 ,1.2688 ,1.6442 ,-0.7922 ,-1.1897 ,-3.2666 ,-0.6948 
2015-03-31,-0.1226 ,-12.5948 ,-6.5352 ,-0.1447 ,-3.4131 ,-0.7545 ,-0.4006 ,-1.7671 ,2.2945 ,0.8066 ,-1.2314 ,-0.7176 ,-3.6738 ,-0.8864 
2015-04-30,-0.1363 ,-5.2322 ,-6.0671 ,0.0284 ,-2.8126 ,1.6611 ,-0.3949 ,-3.3568 ,2.4331 ,1.5381 ,-0.7119 ,-3.2508 ,-3.2653 ,1.7265 
2015-05-29,-0.1219 ,-1.7071 ,-2.6153 ,-0.4495 ,-2.5960 ,5.1760 ,-0.3917 ,-2.6554 ,5.3255 ,7.8916 ,-0.1935 ,-1.7559 ,-3.2290 ,-1.5987 
2015-06-30,-0.1375 ,-2.0057 ,-1.2133 ,-0.3109 ,-2.4194 ,2.4778 ,-0.3823 ,-6.1678 ,8.0173 ,3.3342 ,-0.8605 ,-1.1042 ,-2.9089 ,2.4140 
2015-07-31,-0.0589 ,-2.6140 ,-3.7514 ,-0.5946 ,-2.9544 ,2.3044 ,-0.3454 ,-6.6851 ,42.4566 ,11.6101 ,-1.2137 ,-1.1974 ,-2.7793 ,-0.5106 
2015-08-31,-0.0712 ,-5.2216 ,-8.6925 ,-0.1877 ,-3.1296 ,-0.8586 ,-0.3530 ,-6.0368 ,5.7682 ,1.2112 ,-1.2767 ,-1.1768 ,-2.9677 ,1.9256 
2015-09-30,-0.1236 ,-3.3278 ,-23.4040 ,-0.1874 ,-3.0315 ,-0.3608 ,-0.3621 ,1.0417 ,7.2151 ,0.8373 ,-3.7320 ,-1.4278 ,-2.6943 ,0.2369 
2015-10-30,-0.1358 ,-5.9800 ,-19.9622 ,-0.4251 ,-2.5964 ,-0.5626 ,-0.3378 ,4.1167 ,0.0941 ,1.3836 ,-3.6194 ,-0.7319 ,-2.9186 ,0.5582 
2015-11-30,-0.1059 ,-10.1645 ,-8.2819 ,-0.5453 ,-2.5353 ,-0.4246 ,-0.3786 ,5.4172 ,-1.1308 ,-1.2754 ,-1.4043 ,-2.9270 ,-2.8938 ,-2.1110 
2015-12-31,-0.0912 ,-8.9710 ,-3.7941 ,-0.5233 ,-2.6292 ,-1.0063 ,-0.3864 ,3.5746 ,-6.7587 ,-2.1685 ,-1.1305 ,-2.2735 ,-2.6728 ,-2.1943 
2016-01-29,-0.0578 ,-16.8043 ,-4.4181 ,-0.3745 ,-2.1013 ,-0.4240 ,-0.2900 ,0.7645 ,-51.7583 ,-1.2148 ,-1.1258 ,-1.9759 ,-2.9743 ,-1.2932 
2016-02-29,-0.0914 ,-17.1445 ,-18.5002 ,-0.3396 ,-2.1178 ,-1.2085 ,-0.3237 ,1.8174 ,-7.0336 ,-1.6421 ,-1.2443 ,-2.4531 ,-2.6882 ,0.6880 
2016-03-31,-0.1825 ,-11.8239 ,-15.9487 ,-0.5889 ,-1.9269 ,-1.2302 ,-0.3954 ,-1.0440 ,-3.1222 ,-1.6537 ,-1.0303 ,-2.4324 ,-2.6145 ,0.3596 
2016-04-29,-0.2620 ,-5.1537 ,-18.7926 ,-0.3814 ,0.0000 ,-0.2510 ,-0.3998 ,-1.7690 ,-0.8290 ,0.6191 ,-1.2441 ,-3.1562 ,-2.3806 ,0.5310 
2016-05-31,-0.3889 ,-2.9937 ,-13.7468 ,-0.5285 ,-0.7931 ,0.6406 ,-0.4848 ,-1.0463 ,0.2139 ,10.1130 ,-1.2955 ,-3.7312 ,-2.4430 ,-0.0849 
2016-06-30,-0.4353 ,-4.2045 ,0.6231 ,-0.4486 ,-1.7020 ,3.1287 ,-0.4174 ,-0.3242 ,-1.2263 ,1.5763 ,-1.2443 ,-4.7214 ,-1.9855 ,1.1496 
2016-07-29,-0.5228 ,-5.9467 ,-4.6852 ,-0.4679 ,-2.6451 ,2.7785 ,-0.5160 ,-1.3286 ,23.4155 ,0.9554 ,-1.1986 ,-7.0612 ,-2.4526 ,0.2657 
2016-08-31,-0.4305 ,-4.4876 ,-13.3200 ,-0.4740 ,-3.5787 ,-0.5285 ,-0.6250 ,-1.6105 ,2.6341 ,0.9087 ,-1.3466 ,-5.9584 ,-2.2796 ,-0.6499 
2016-09-30,-0.4960 ,-3.7126 ,-22.5495 ,-0.4703 ,-3.1265 ,-0.9122 ,-0.6538 ,6.4248 ,6.6221 ,-0.6662 ,-2.2770 ,-5.9512 ,-2.3507 ,-0.7295 
2016-10-31,-0.5131 ,-4.3594 ,-17.6317 ,-0.5208 ,-2.4504 ,-1.1046 ,-0.7238 ,3.6933 ,0.5410 ,-1.8874 ,-2.0721 ,-4.4829 ,-2.2057 ,-0.7991 
2016-11-30,-0.4318 ,-5.7672 ,-0.6947 ,-0.4246 ,-3.4541 ,-1.4406 ,-0.6773 ,4.7496 ,-1.8649 ,-1.4533 ,-1.1633 ,-5.2010 ,-2.5935 ,-1.1102 
2016-12-30,-0.3693 ,-5.3741 ,3.8778 ,-0.4461 ,-2.6076 ,-1.4229 ,-0.5696 ,2.2892 ,-3.2826 ,-1.3806 ,-1.2620 ,-5.0384 ,-2.9065 ,-0.8683 
2017-01-31,-0.4052 ,-4.0782 ,-4.5957 ,-0.6926 ,-3.3483 ,-1.5978 ,-0.6560 ,-0.0828 ,-39.9967 ,-1.6553 ,-1.4397 ,-4.9850 ,-2.7790 ,-1.4550 
2017-02-28,-0.4166 ,-2.5721 ,-11.9462 ,-0.7395 ,-3.0205 ,-1.3297 ,-0.5743 ,1.4157 ,-5.3299 ,-1.4030 ,-1.2071 ,-5.1064 ,-2.5602 ,-2.4522 
2017-03-31,-0.4243 ,-2.8760 ,-6.5560 ,-0.9370 ,-3.2024 ,-1.8245 ,-0.6687 ,-1.1284 ,1.1431 ,-1.7309 ,-1.4354 ,-4.5197 ,-2.6758 ,-2.6721 
2017-04-28,-0.4312 ,-2.0153 ,-6.9589 ,-0.6162 ,-3.3400 ,-0.6733 ,-0.6885 ,-1.2794 ,-0.9875 ,-1.2211 ,-1.0141 ,-4.8848 ,-2.7921 ,4.0319 
2017-05-31,-0.4771 ,-1.6474 ,-4.2147 ,-0.8086 ,-3.3956 ,-0.7904 ,-0.6920 ,-1.8884 ,2.3815 ,-1.4007 ,-1.3326 ,-5.2703 ,-2.8780 ,2.7503 
2017-06-30,-0.5033 ,-1.6366 ,0.3999 ,-0.6448 ,-3.0837 ,-1.1878 ,-0.6896 ,-3.0008 ,2.4262 ,-1.7811 ,-1.1674 ,-3.8310 ,-3.0100 ,4.4492 
2017-07-31,-0.4248 ,-0.6175 ,-4.8670 ,-0.7923 ,-3.9986 ,-1.2613 ,-0.6378 ,-2.9099 ,25.8449 ,-2.0309 ,-1.0862 ,-5.5522 ,-2.7243 ,4.1063 
2017-08-31,-0.4587 ,-5.0737 ,-6.6624 ,-0.6595 ,-3.8237 ,-1.6865 ,-0.5786 ,-2.5473 ,33.7449 ,-1.6156 ,-1.1501 ,-5.4705 ,-2.8951 ,1.3369 
2017-09-29,-0.5215 ,-1.7386 ,-17.0937 ,-0.6913 ,-3.7767 ,-1.7755 ,-0.6294 ,-1.3834 ,2.5971 ,-2.1701 ,-1.7769 ,-4.3468 ,-3.0050 ,1.0863 
2017-10-31,-0.5402 ,-1.3265 ,-14.8141 ,-0.7120 ,-4.2497 ,-1.6888 ,-0.6419 ,-0.8849 ,4.0272 ,-2.1978 ,-1.6787 ,-4.4597 ,-2.9908 ,0.0643 
2017-11-30,-0.5821 ,-0.2560 ,-0.6996 ,-0.7220 ,-3.6054 ,-1.9716 ,-0.6716 ,0.5454 ,-1.9492 ,-1.6403 ,-1.0108 ,-4.4207 ,-2.7427 ,-1.4707 
2017-12-29,-0.6062 ,-0.1141 ,5.7762 ,-0.6943 ,-3.7673 ,-1.8954 ,-0.7005 ,1.5280 ,-3.4468 ,-1.6900 ,-0.8336 ,-4.9339 ,-3.0468 ,-0.6741 
2018-01-31,-0.6340 ,0.9404 ,16.2768 ,-0.9627 ,-3.5493 ,-1.8314 ,-0.8152 ,-1.7166 ,-28.5436 ,-1.7762 ,-1.0344 ,-4.8423 ,-3.1535 ,-2.2230 
2018-02-28,-0.7067 ,0.8921 ,-3.5856 ,-1.0486 ,-3.2092 ,-1.3703 ,-0.9451 ,-1.3590 ,-2.3688 ,1.1052 ,-1.0279 ,-4.0250 ,-2.7293 ,-0.6971 
2018-03-30,-0.7143 ,0.3372 ,-4.9087 ,-1.1407 ,-3.5752 ,-1.6975 ,-0.8913 ,-1.4714 ,-0.7009 ,-0.9923 ,-1.3487 ,-6.2255 ,-2.7508 ,-0.6704 
