ticker,tdate,eem,edy,efx,elq,epe,epm,eql,est,evo_x,evo_y
CAC,2002-04-30,-136.35897435897448,-0.05138493,-0.2274095634484784,0.8603031079854137,6.0070214,0.020279884,0.0025730133,0.022570878,0.4812502861022949,0.4812502861022949
CAC,2002-12-31,-146.60256410256426,-0.041734446,-1.9256106913505093,0.3914598848316646,5.7892165,0.007003963,-0.0044002533,-0.089320496,-0.9550011157989502,-0.9550011157989502
CAC,2003-09-30,94.25641025641009,-0.039668676,-1.6438663759847774,0.4603021893156439,6.507161,0.04113084,0.00011897087,0.014867146,-0.5887494087219238,-0.5887494087219238
CAC,2004-08-31,297.17948717948707,-0.029826555,-0.9813814143085502,0.9589889778363769,8.095629,-0.0016936064,0.6580763,-0.0016305037,0.8744447231292725,0.8744447231292725
CAC,2004-11-30,79.73076923076916,-0.027135337,-0.7997360554193931,0.6238364888824266,7.966505,0.005165279,0.44442463,0.008883119,0.6299998164176941,0.6299998164176941
CAC,2005-05-31,13.628205128205039,-0.021587498,0.39058944974445253,1.1044004207958698,9.664811,-0.009941578,0.6047716,0.009930169,-0.5477778911590576,-0.5477778911590576
CAC,2006-01-31,151.82051282051273,-0.023717038,1.5213973262196043,0.5657396536683817,10.7344055,-0.043867826,0.0032963753,-0.04171612,1.0200002193450928,1.0200002193450928
CAC,2006-02-28,100.70512820512812,-0.023769457,1.9285338269476542,0.6670128014574095,11.013265,7.8082085e-05,-1.516881,-0.057582594,-0.7766669392585754,-0.7766669392585754
CAC,2006-10-31,-133.66666666666674,-0.025506794,-0.646109479135765,0.31822113835057275,12.1027975,0.010258436,0.0077590942,-0.054046236,-0.10888916254043579,-0.10888916254043579
CAC,2007-07-31,-41.51282051282061,-0.03185301,-0.5975728905526524,1.736032878083575,13.950801,0.027172923,0.013071537,-0.032178998,-2.118889570236206,-2.118889570236206
CAC,2008-09-30,-45.87179487179497,-0.028881464,0.03977584026848312,0.7689368472922925,9.196007,0.025767624,0.0026102066,-0.020256996,2.6166670322418213,2.6166670322418213
CAC,2009-03-31,-195.23076923076928,-0.017913615,0.07175816787314775,1.3879144069521814,4.3802547,0.023308456,0.00039100647,-0.052165598,-1.4844449758529663,-1.4844449758529663
CAC,2009-06-30,-102.88461538461543,-0.021794783,0.0060440550894986355,0.17406192526581282,4.9626694,-0.007712245,0.013784885,0.041418828,-0.6911101937294006,-0.6911101937294006
CAC,2010-08-31,136.07692307692315,-0.01048007,1.6610544345678422,1.611746802660993,9.849439,0.00028687716,0.5505514,0.038270038,-1.3933334350585938,-1.3933334350585938
CAC,2010-11-30,3.1153846153846843,-0.01733756,1.3980438283088812,2.6010127629849675,10.35785,0.029822707,0.059004307,-0.03420023,-0.9544440507888794,-0.9544440507888794
CAC,2011-05-31,-110.11538461538457,-0.02071634,-0.5985414876300047,0.3330048061897497,10.9692745,-0.024916649,0.14227629,0.023255996,-0.5388883352279663,-0.5388883352279663
CAC,2012-01-31,-246.4999999999999,-0.015233384,0.6344325711533373,0.29474129645562686,9.686357,0.005720079,0.0005078316,0.0007881578,0.4544432759284973,0.4544432759284973
CAC,2012-07-31,218.2307692307694,-0.0056451876,1.4846373994685842,1.214026420115424,10.332779,-0.07039511,-0.0013513565,-0.039833467,1.4844443798065186,1.4844443798065186
CAC,2013-04-30,-75.48717948717932,-0.003995116,-0.20580764355987863,0.8736213366613735,11.661602,-0.020685196,-0.0004825592,0.017886763,0.4366666078567505,0.4366666078567505
CAC,2013-12-31,-7.615384615384452,-0.01391849,-1.4236586711246626,0.6044750500505575,10.518166,-0.017998815,-0.00035762787,-0.038701445,-0.5999994277954102,-0.5999994277954102
CAC,2014-09-30,-63.038461538461384,-0.0014016535,0.6565193059441721,0.41546674899691727,11.388324,-0.013431311,-0.0018444061,-0.06720261,-0.5377784371376038,-0.5377784371376038
CAC,2015-03-31,78.66666666666681,0.00548861,2.3523506487624877,1.280124789478848,10.513652,0.010900438,0.009589195,-3.30396e-05,-0.054444313049316406,-0.054444313049316406
CAC,2015-06-30,292.05128205128216,-0.00075873267,1.4420149302798868,0.6193328283425109,10.825761,0.052647233,-0.017079353,0.0031262813,0.5177774429321289,0.5177774429321289
CAC,2016-05-31,-255.67948717948698,0.008226205,-0.9365156631963021,0.6789524063004915,10.902011,-0.020036697,0.031431675,0.00026749447,-0.06555664539337158,-0.06555664539337158
CAC,2017-01-31,323.55128205128227,0.0018942496,-0.4579341145033045,0.6989974689225242,12.138101,0.01657188,-0.015755177,0.029504728,-0.22222286462783813,-0.22222286462783813
CAC,2017-02-28,299.0897435897438,0.0031627836,0.16102755133728844,0.8395923857796226,12.361227,0.005934119,0.7713556,0.03549518,-0.2166670560836792,-0.2166670560836792
CAC,2017-10-31,-80.10256410256396,0.003346847,-1.1309810805094662,2.729536042239051,13.257531,-0.020402431,0.012648106,0.05578404,-0.10333314538002014,-0.10333314538002014
CAC,2018-07-31,19.846153846154017,0.0039809076,-0.6387511123549026,1.024469416790337,13.204904,-0.014172554,-0.0020656586,-0.0026632436,0.005555689334869385,0.005555689334869385
CAC,2019-04-30,-148.76923076923063,0.007955446,0.4333523744549003,0.36638100746988667,14.468079,-0.0020776987,-0.004052639,0.034879,-0.06333361566066742,-0.06333361566066742
AEX,2002-04-30,-82.50000000000001,-0.04637154,-0.2274095634484784,1.6601466403612342,7.6900024,0.02851367,0.0031542778,0.04004821,0.06125020980834961,0.06125020980834961
AEX,2002-12-31,-133.80769230769232,-0.034084525,-1.9256106913505093,-0.2401367179731103,6.472689,0.01650095,-0.005944252,-0.19676383,1.435002088546753,1.435002088546753
AEX,2003-09-30,28.538461538461508,-0.031952284,-1.6438663759847774,1.6050203127880271,6.6948147,0.050103307,0.01242733,-0.018065374,0.8712496757507324,0.8712496757507324
AEX,2004-08-31,327.5,0.06643874,-0.9813814143085502,0.9369311658213173,8.918254,-0.0076129436,0.3530419,-0.040983576,1.724445104598999,1.724445104598999
AEX,2004-11-30,204.9102564102565,0.067512825,-0.7997360554193931,0.30943883341778866,8.080411,0.00059199333,0.60650635,-0.010450244,0.39000001549720764,0.39000001549720764
AEX,2005-05-31,-65.8974358974358,0.06961148,0.39058944974445253,0.1542797433835632,8.948115,-0.0020669699,-0.20576,-0.0056825522,0.17222237586975098,0.17222237586975098
AEX,2006-01-31,-25.756410256410163,0.05051933,1.5213973262196043,1.7746301325547587,12.013378,-0.044006467,0.008025169,-0.032577775,-0.6300003528594971,-0.6300003528594971
AEX,2006-02-28,13.666666666666758,0.05231012,1.9285338269476542,1.7450905755688886,12.046303,0.0134443045,0.89228106,-0.039307214,0.5633332133293152,0.5633332133293152
AEX,2006-10-31,23.730769230769326,0.048786473,-0.646109479135765,0.006615930660561894,11.869063,0.013269544,-0.02340746,-0.011967743,0.1911110281944275,0.1911110281944275
AEX,2007-07-31,-64.01282051282044,0.042768307,-0.5975728905526524,1.1620062184695141,14.298429,0.031076789,-0.018874168,0.042957067,-0.6188895106315613,-0.6188895106315613
AEX,2008-09-30,-73.38461538461537,0.08903226,0.03977584026848312,0.6089252218615967,10.188669,0.10203248,0.041923523,0.084279954,0.5266668796539307,0.5266668796539307
AEX,2009-03-31,-184.03846153846158,0.11298129,0.07175816787314775,-0.24771077683780557,3.7179725,0.016624928,0.044662952,0.10409638,-0.5044454336166382,-0.5044454336166382
AEX,2009-06-30,-146.8589743589744,0.08035152,0.0060440550894986355,1.1244598511701542,4.145605,-0.023737669,0.028244495,-0.09735545,0.8788875937461853,0.8788875937461853
AEX,2010-08-31,220.11538461538456,0.057175014,1.6610544345678422,4.658301500846594,9.276402,-0.009259224,0.19255829,-0.10454072,-0.5533332824707031,-0.5533332824707031
AEX,2010-11-30,-62.91025641025646,0.04976459,1.3980438283088812,0.592549390738643,8.94294,0.021210015,0.10910845,-0.042716123,0.23555457592010498,0.23555457592010498
AEX,2011-05-31,-222.20512820512826,0.046147816,-0.5985414876300047,-1.1387260537794022,10.583147,-0.018939376,0.014679909,-0.027682252,-0.2788890600204468,-0.2788890600204468
AEX,2012-01-31,-116.91025641025642,0.06757907,0.6344325711533373,0.6997109571800744,8.30243,0.007659912,-0.009421349,0.0063021835,-0.4755551218986511,-0.4755551218986511
AEX,2012-07-31,150.51282051282047,0.06824154,1.4846373994685842,2.3898599157255322,9.529604,-0.04703617,0.18175888,0.012530762,0.6544444561004639,0.6544444561004639
AEX,2013-04-30,-71.82051282051287,0.06097924,-0.20580764355987863,0.7833292136671512,7.8638024,-0.00988245,-7.1525574e-06,0.080100544,0.22666655480861664,0.22666655480861664
AEX,2013-12-31,36.28205128205123,0.042680502,-1.4236586711246626,-0.7147422609894367,10.297551,-0.013986945,-0.01668024,-0.056611866,-0.46000003814697266,-0.46000003814697266
AEX,2014-09-30,-142.69230769230782,0.0555823,0.6565193059441721,-1.769111878672579,8.892873,-0.005847931,-0.012680531,0.05154087,-0.23777824640274048,-0.23777824640274048
AEX,2015-03-31,322.4102564102563,0.062089093,2.3523506487624877,1.8493158755192294,9.488739,0.018563092,0.051130295,-0.043836374,0.565556526184082,0.565556526184082
AEX,2015-06-30,294.0641025641024,0.065476716,1.4420149302798868,1.954937047576179,9.450851,0.044336557,-0.045981884,0.0038928567,0.11777782440185547,0.11777782440185547
AEX,2016-05-31,-136.25641025641033,0.085239746,-0.9365156631963021,-0.13231168546400002,12.388897,-0.014392495,-0.7016187,0.023606766,0.03444373607635498,0.03444373607635498
AEX,2017-01-31,154.48717948717942,0.081927404,-0.4579341145033045,-0.3277584373349631,12.787439,0.013092279,-0.017883062,-0.049783874,-0.09222178906202316,-0.09222178906202316
AEX,2017-02-28,150.7564102564102,0.07919575,0.16102755133728844,0.055755909626904784,13.09502,0.006219864,0.2442317,0.080078855,-0.15666663646697998,-0.15666663646697998
AEX,2017-10-31,-199.33333333333326,0.07120144,-1.1309810805094662,-1.2203701968385725,15.635799,-0.017992258,0.0036406517,-0.0080137905,-0.33333268761634827,-0.33333268761634827
AEX,2018-07-31,33.205128205128254,0.07092261,-0.6387511123549026,-1.31256238135171,15.5749445,-0.0014026165,-0.021197796,0.043663573,0.12555557489395142,0.12555557489395142
AEX,2019-04-30,41.7692307692308,0.080057375,0.4333523744549003,-0.890128708575781,16.630959,-0.0073748827,-0.05218172,0.021106869,-0.2533332109451294,-0.2533332109451294
SPX,2002-04-30,208.1153846153846,-0.04846187,-0.4048696357988674,2.9039017956408437,19.853025,0.023654342,3.2901764e-05,-0.034000903,-0.4687504768371582,-0.4687504768371582
SPX,2002-12-31,-175.2948717948718,-0.035725676,0.8680805632552215,1.5067559127218733,17.990505,0.014126837,0.07647371,-0.023422074,-0.5649998188018799,-0.5649998188018799
SPX,2003-09-30,213.2820512820513,-0.03729147,1.8778954657873155,1.4290547181619948,21.891922,0.030525625,0.024234295,0.025378544,-1.278749942779541,-1.278749942779541
SPX,2004-08-31,79.51282051282054,-0.022091243,0.9139889859471995,0.06045977912533486,22.068727,-0.0061057806,0.50119925,-0.015872676,-0.9055559635162354,-0.9055559635162354
SPX,2004-11-30,-108.70512820512818,-0.02402023,1.2261044882269077,-0.07820177653020015,19.533813,0.0044059157,0.5436454,-0.017152548,0.5499998927116394,0.5499998927116394
SPX,2005-05-31,-49.743589743589745,-0.01717143,0.8925583487506525,-0.5702414375512457,21.126936,0.001175046,-0.04180622,-0.025754178,0.012222528457641602,0.012222528457641602
SPX,2006-01-31,-35.43589743589744,-0.025454372,-0.0405048529402924,-0.17464932947521217,19.244366,-0.010391235,-0.05634308,0.018171167,-0.26999974250793457,-0.26999974250793457
SPX,2006-02-28,-74.8076923076923,-0.026656266,-0.40826725995350616,-0.17052021242000046,20.594261,0.0021839738,-0.08025837,-0.010456657,0.22333401441574097,0.22333401441574097
SPX,2006-10-31,-1.1282051282051384,-0.02657623,1.1707067135913125,-0.23434722678258244,20.692017,0.0011484027,0.009366035,0.030977165,0.1111111044883728,0.1111111044883728
SPX,2007-07-31,44.29487179487179,-0.026457222,1.9958637168976059,0.33240747020441086,21.334385,0.03980255,-0.009820938,0.0076240897,3.061110734939575,3.061110734939575
SPX,2008-09-30,-65.71794871794872,-0.013382845,-0.0743535270503787,0.9504278143180497,12.525284,0.015164316,-0.0026106834,-0.036168993,-2.1233346462249756,-2.1233346462249756
SPX,2009-03-31,-372.79487179487165,0.0077189077,-1.6824311985198899,4.109232631073125,7.0350447,0.010889709,-0.04278612,0.044020444,-0.5044454336166382,-0.5044454336166382
SPX,2009-06-30,42.06410256410263,-0.0071501397,-0.8882679042369889,4.423667446043358,8.655182,-0.02836287,-0.026716232,0.07751564,0.6088890433311462,0.6088890433311462
SPX,2010-08-31,-45.37179487179474,-0.0028198957,-0.028267207514786372,0.8158202902150193,16.599129,0.0014288425,0.6109781,0.018813055,0.9666671752929688,0.9666671752929688
SPX,2010-11-30,-130.42307692307676,-0.008595383,-0.10094752594091125,0.4141848488820535,16.84694,-0.0010609627,0.28697586,-0.003209509,0.5355557203292847,0.5355557203292847
SPX,2011-05-31,105.1410256410258,-0.011847328,1.5584174742934707,0.22256262392018833,19.507534,-0.02322042,0.45309925,-0.011267312,0.791110634803772,0.791110634803772
SPX,2012-01-31,-307.17948717948696,0.002551837,-0.08098349261836782,1.8104307930811863,17.642727,0.0024781823,-0.0016975403,-0.035189085,0.6044448018074036,0.6044448018074036
SPX,2012-07-31,-24.141025641025436,0.006389751,-0.9038113113647201,0.5391112851392504,18.519543,-0.03384745,-0.0037317276,0.001888114,-0.5755569934844971,-0.5755569934844971
SPX,2013-04-30,30.974358974359166,0.0040554926,-0.17194888624718294,0.8971773966630051,22.56527,-0.01191628,0.006896019,-0.024750942,-0.1733340173959732,-0.1733340173959732
SPX,2013-12-31,3.0384615384617084,-0.011244519,-0.632299468632842,1.0019624597607786,22.750475,-0.0065608025,-0.05818653,0.0468556,0.6799993515014648,0.6799993515014648
SPX,2014-09-30,52.051282051282236,-0.0053810067,-1.3061451522586327,0.5528059922874147,23.167902,0.0034225583,-0.0017738342,0.015199619,0.9022220969200134,0.9022220969200134
SPX,2015-03-31,-172.4999999999998,0.0005593691,-3.0996988947000133,0.2575532707447371,20.041306,0.011630714,-0.003446579,-0.015533108,0.06555557250976562,0.06555557250976562
SPX,2015-06-30,-89.70512820512802,-0.0032866597,-2.919123733578392,0.3515656597939428,20.86699,0.029293597,-0.04998684,-0.009854239,-1.5522212982177734,-1.5522212982177734
SPX,2016-05-31,13.679487179487348,0.0031505916,-0.8162729510679431,1.4032220877988257,21.950802,-0.009638429,-0.32723665,0.0002882369,-0.2355557680130005,-0.2355557680130005
SPX,2017-01-31,55.333333333333506,-0.004089145,-0.16492047580264474,1.8411763690504914,22.083252,-0.0,-0.019176006,0.0027120821,0.1177782490849495,0.1177782490849495
SPX,2017-02-28,36.294871794871966,-0.0040847994,-0.2912822823461274,1.8223956834138553,23.994919,-0.00116539,-0.11379528,0.018215675,-0.02666652202606201,-0.02666652202606201
SPX,2017-10-31,91.92307692307709,-0.004744511,0.3160886617978336,0.26077788059226353,22.122732,-0.0021423101,0.007012844,0.0025418345,0.01666674017906189,0.01666674017906189
SPX,2018-07-31,23.487179487179713,-0.011086462,-0.4733536569639051,-0.27659917029419206,22.177431,0.0014179945,0.03243637,-0.0052094944,-0.7944445013999939,-0.7944445013999939
SPX,2019-04-30,-224.07692307692287,-0.006228108,-1.2671415894886886,-0.27071889906921126,23.444944,-0.0035738945,0.00914669,-0.010739177,-0.23333273828029633,-0.23333273828029633
DAX,2002-04-30,-91.9743589743591,-0.050836537,-0.2274095634484784,-1.48457215399097,3.9014804,0.031112552,-0.00066941977,0.009409219,1.1312499046325684,1.1312499046325684
DAX,2002-12-31,-164.08974358974368,-0.04147021,-1.9256106913505093,3.123179687072996,4.1195555,0.033605516,0.0022850037,0.15439193,0.24499964714050293,0.24499964714050293
DAX,2003-09-30,85.37179487179476,-0.039449196,-1.6438663759847774,4.456712833236883,5.08698,0.045274317,0.005151272,0.0508215,1.9312491416931152,1.9312491416931152
DAX,2004-08-31,278.41025641025635,-0.03772419,-0.9813814143085502,0.2729838723463605,7.275365,0.0013164282,0.22076058,0.009497564,0.9944436550140381,0.9944436550140381
DAX,2004-11-30,109.47435897435895,-0.035407603,-0.7997360554193931,-0.27736844293574164,7.832124,-0.0012140274,0.24116468,0.0065152645,-1.8600000143051147,-1.8600000143051147
DAX,2005-05-31,56.69230769230767,-0.03009481,0.39058944974445253,1.5747970917979033,8.637999,-0.017587781,0.3311603,-0.018384958,1.7522222995758057,1.7522222995758057
DAX,2006-01-31,17.474358974358925,-0.03210228,1.5213973262196043,1.8909205231746793,10.515537,-0.063771725,-5.6743622e-05,0.042025305,0.9999997615814209,0.9999997615814209
DAX,2006-02-28,19.692307692307647,-0.03234839,1.9285338269476542,1.8699158288475488,10.94628,0.0012899637,0.16053915,0.042603396,0.36333340406417847,0.36333340406417847
DAX,2006-10-31,-133.6794871794872,-0.03470115,-0.646109479135765,0.13830528889017754,10.085851,-0.0026295185,0.0012207031,0.011046207,-0.5588889718055725,-0.5588889718055725
DAX,2007-07-31,110.82051282051277,-0.040695895,-0.5975728905526524,0.3504058903588272,10.998699,0.032037437,-0.0032031536,0.031460106,-1.8288886547088623,-1.8288886547088623
DAX,2008-09-30,-230.6153846153846,-0.035672925,0.03977584026848312,1.477540855802394,8.582842,0.039399445,0.046855927,0.119959354,3.9266645908355713,3.9266645908355713
DAX,2009-03-31,-258.1153846153846,-0.02516038,0.07175816787314775,5.315787793672024,4.474255,0.02484256,-0.0051789284,0.0034030378,0.07555639743804932,0.07555639743804932
DAX,2009-06-30,-95.9102564102564,-0.029628646,0.0060440550894986355,2.9894868638780574,4.798273,-0.02379191,-0.0061278343,0.06361679,0.7388882040977478,0.7388882040977478
DAX,2010-08-31,146.39743589743588,-0.017807601,1.6610544345678422,1.0020559305017374,8.480847,0.004631996,0.44164896,0.0009885253,-1.0133323669433594,-1.0133323669433594
DAX,2010-11-30,137.07692307692307,-0.023727754,1.3980438283088812,-0.006427158613175724,8.515304,0.0027527213,0.33248663,0.0103857145,-0.5344439744949341,-0.5344439744949341
DAX,2011-05-31,18.230769230769226,-0.027046079,-0.5985414876300047,-0.03547014177757854,9.663974,-0.020419717,-0.8617654,0.01900702,-0.5888875722885132,-0.5888875722885132
DAX,2012-01-31,-363.23076923076934,-0.014373671,0.6344325711533373,0.49282695100296253,9.231287,-0.008182526,-0.0016798973,-0.003449494,0.7244437336921692,0.7244437336921692
DAX,2012-07-31,57.115384615384436,-0.009352358,1.4846373994685842,1.2491003994559062,10.031545,-0.05908978,0.0011117458,0.0015520034,-0.10555577278137207,-0.10555577278137207
DAX,2013-04-30,-95.79487179487195,-0.009103441,-0.20580764355987863,0.13102743088253585,10.343136,-0.032725096,0.009106159,0.0074107107,-0.07333363592624664,-0.07333363592624664
DAX,2013-12-31,-9.461538461538632,-0.016867118,-1.4236586711246626,0.5329343459242998,11.249319,-0.011957407,-0.009823322,0.056506425,0.21000003814697266,0.21000003814697266
DAX,2014-09-30,-4.423076923077095,-0.006890789,0.6565193059441721,0.18907631782118448,11.739963,0.010788083,0.0012054443,0.03212567,-0.49777752161026,-0.49777752161026
DAX,2015-03-31,69.75641025641006,0.00035802845,2.3523506487624877,0.7322574491235772,12.001049,0.003236413,0.027021408,-0.04129972,-0.07444477081298828,-0.07444477081298828
DAX,2015-06-30,211.2179487179485,-0.005222148,1.4420149302798868,1.6621256268905042,11.504697,0.04699403,0.089912415,0.042428095,-0.042222023010253906,-0.042222023010253906
DAX,2016-05-31,-214.9743589743592,0.0011389618,-0.9365156631963021,1.5246905924931704,10.330455,-0.019063592,-0.17250109,-0.03517128,0.024445414543151855,0.024445414543151855
DAX,2017-01-31,274.74358974358944,-0.0020409336,-0.4579341145033045,0.488499259191348,10.871525,0.0018987656,0.0022201538,-0.0068814047,0.12777847051620483,0.12777847051620483
DAX,2017-02-28,251.62820512820483,0.00020251889,0.16102755133728844,0.6028690086689498,10.849103,0.009448111,0.32099056,-0.008570773,-0.276666522026062,-0.276666522026062
DAX,2017-10-31,-48.73076923076959,-0.0014434173,-1.1309810805094662,0.16691984075292252,11.427889,-0.01574862,-0.041706085,-0.068339296,0.30666670203208923,0.30666670203208923
DAX,2018-07-31,-37.897435897436274,-0.002053083,-0.6387511123549026,0.02664088719323406,13.676678,-0.009492874,-0.0021338463,0.028835606,0.15555530786514282,0.15555530786514282
DAX,2019-04-30,-213.0897435897439,0.002384938,0.4333523744549003,1.1574104398522949,13.766277,-0.006724477,-0.0006599426,0.0015800297,-0.10333357751369476,-0.10333357751369476
HSI,2002-04-30,78.80769230769248,-0.05851493,-0.16460592756050715,-2.0868592324787945,8.867244,-0.012961268,0.01926136,0.05410327,-0.4399995803833008,-0.4399995803833008
HSI,2002-12-31,4.666666666666875,-0.043098524,1.5136842371800294,1.1667167950238968,8.953949,0.024039865,-0.0018332005,-0.04584384,-0.8533338308334351,-0.8533338308334351
HSI,2003-09-30,-58.576923076922874,-0.042283196,2.0391262235733487,1.4577306868332995,7.7559915,-0.023420334,0.0009279251,-0.05037281,-1.8366661071777344,-1.8366661071777344
HSI,2004-08-31,139.67948717948738,-0.019499036,1.0732347917694796,-0.11809654544478718,8.760486,-0.013782978,-0.8994727,-0.032531798,0.5033334493637085,0.5033334493637085
HSI,2004-11-30,-13.589743589743398,-0.015662631,1.3395923133745644,-0.22363584793108465,8.29969,-0.0059119463,0.0009148121,-0.016984478,-1.8566668033599854,-1.8566668033599854
HSI,2005-05-31,7.5000000000001705,-0.0140466,0.602860770234905,1.2507000846689162,7.636287,-0.0133214,0.039656878,0.020994812,-0.15999984741210938,-0.15999984741210938
HSI,2006-01-31,-271.0128205128203,-0.020570707,-0.3956779989981563,0.031643007674535394,8.448356,-0.019492865,-0.0024261475,-0.018523544,-0.4899994432926178,-0.4899994432926178
HSI,2006-02-28,-264.9487179487178,-0.021342691,-0.6349172672067703,0.3398837170218952,8.233826,-0.016240954,-0.01686883,-0.016938627,-0.9799995422363281,-0.9799995422363281
HSI,2006-10-31,20.60256410256429,-0.020252543,1.896307422148444,0.46509496700299846,6.9576287,-0.009203672,0.003143549,0.06744823,0.6199995875358582,0.6199995875358582
HSI,2007-07-31,46.65384615384634,-0.028757093,3.4410247839901977,0.5969948911174271,8.794954,0.0103513,-0.0010447502,0.00056132674,-0.27333325147628784,-0.27333325147628784
HSI,2008-09-30,-230.43589743589726,-0.00941094,0.8061015124215389,-1.6935927005953053,7.010934,0.049355447,-0.00063323975,0.009973645,0.690000057220459,0.690000057220459
HSI,2009-03-31,-190.65384615384605,0.006431915,-1.2565382830866059,5.222817543878153,6.0284996,0.015381217,0.0016138554,0.020818964,-2.5200016498565674,-2.5200016498565674
HSI,2009-06-30,140.12820512820522,-0.009379815,-0.6933508851579604,1.6945913437847608,6.2265425,-0.05454588,-0.06590223,0.04795909,1.3433336019515991,1.3433336019515991
HSI,2010-08-31,-8.012820512820278,-0.0038167108,0.5259172730032399,-0.7610883880314597,8.827473,0.008191586,1.0424767,-0.010991931,-2.793333053588867,-2.793333053588867
HSI,2010-11-30,32.55128205128228,-0.01200363,0.3439177722916187,0.41022678119650097,8.761968,-0.0039258003,-0.21510601,-0.04372488,-0.7800000309944153,-0.7800000309944153
HSI,2011-05-31,-101.58974358974336,-0.009899429,2.1787997569740525,0.39414400791435583,8.980085,-0.043085814,0.2531128,-0.025331452,-0.9266672134399414,-0.9266672134399414
HSI,2012-01-31,-159.35897435897417,0.0024324888,0.29985973920850223,0.07936875758136794,7.9399123,-0.00754261,-0.0074539185,-0.009662405,-1.6733328104019165,-1.6733328104019165
HSI,2012-07-31,45.987179487179674,0.010489396,-0.9751332006098556,0.24978178876312376,9.710525,-0.048614264,0.00063705444,-0.0127827525,-0.35666623711586,-0.35666623711586
HSI,2013-04-30,98.46153846153867,0.0069308504,-0.19558226044273783,1.1893294435097157,11.078763,-0.04187882,-0.001103878,0.08460465,-0.6033338308334351,-0.6033338308334351
HSI,2013-12-31,-19.692307692307494,-0.0075527467,-0.4471813626064838,1.5763513584825748,11.630466,-0.004350424,-0.0005092621,0.052761093,-0.599999725818634,-0.599999725818634
HSI,2014-09-30,-28.461538461538257,-0.0013123844,-1.229067968574926,1.0519187546122621,12.982946,0.040361643,0.0018439293,-0.059632212,0.9266668558120728,0.9266668558120728
HSI,2015-03-31,-252.65384615384593,0.0024922546,-2.532806471741481,0.05835188771553596,11.01201,-0.020207047,0.0017228127,0.04379405,-0.21333345770835876,-0.21333345770835876
HSI,2015-06-30,-25.307692307692065,0.00086609647,-2.491920142287816,0.24625388296728815,7.429419,0.039761007,-0.110116005,0.0077429563,-0.43333375453948975,-0.43333375453948975
HSI,2016-05-31,-1.564102564102323,0.008350462,-0.9000535372359403,-0.11419738366527665,9.2384615,-0.04585743,0.048233032,0.04060477,0.10999996960163116,0.10999996960163116
HSI,2017-01-31,228.0512820512823,-0.00045836717,-0.32722665848505483,2.254653725572868,10.722961,-0.019577026,-0.00016355515,0.014838502,-3.176666498184204,-3.176666498184204
HSI,2017-02-28,190.08974358974385,0.00048125722,-0.38293085225037127,2.2573832974054944,10.847557,0.006735325,0.26146317,-0.03743097,0.41333356499671936,0.41333356499671936
HSI,2017-10-31,139.4871794871797,-0.0016666669,0.5377749054976921,0.49647286449263994,10.988116,-0.0015255213,-0.0007982254,-0.0020334423,-0.5666662454605103,-0.5666662454605103
HSI,2018-07-31,-54.38461538461515,-0.0052695014,-0.16945693495626574,-0.38414788082879703,11.072753,0.0070906878,-0.00081443787,-0.037641793,0.29999956488609314,0.29999956488609314
HSI,2019-04-30,-229.33333333333306,0.00017056242,-1.4083996075581589,-0.0017309608915661067,11.579983,0.009327769,0.0006117821,0.030731902,-0.17666690051555634,-0.17666690051555634
IBEX,2002-04-30,-136.03846153846146,-0.052486446,-0.2274095634484784,0.30257088422520084,7.5217876,0.024221957,0.0,0.032194823,0.0,0.0
IBEX,2002-12-31,49.92307692307696,-0.042305283,-1.9256106913505093,0.20309704247914143,6.694171,0.037558734,0.0035110712,-0.035130333,0.0,0.0
IBEX,2003-09-30,-0.9358974358974166,-0.039642345,-1.6438663759847774,0.7091230467845429,8.455681,0.036116242,-0.00734663,0.044122238,0.0,0.0
IBEX,2004-08-31,220.52564102564102,-0.03588275,-0.9813814143085502,0.0011285704197900154,10.021837,-0.0111631155,-0.16289139,0.044344883,0.0,0.0
IBEX,2004-11-30,24.61538461538464,-0.03305123,-0.7997360554193931,0.29922209813043177,10.413882,-0.011085033,0.5703225,0.04875362,0.0,0.0
IBEX,2005-05-31,-57.20512820512818,-0.028090606,0.39058944974445253,0.559035705642281,9.93965,-0.0063985586,1.2641289,-0.030916298,0.0,0.0
IBEX,2006-01-31,26.56410256410258,-0.029914647,1.5213973262196043,0.9311792885775013,10.448,-0.041074276,0.0001540184,-0.06799068,0.0,0.0
IBEX,2006-02-28,17.11538461538463,-0.030369239,1.9285338269476542,0.8176129635956356,10.56229,-0.010997415,-0.95009184,-0.03582976,0.0,0.0
IBEX,2006-10-31,-67.44871794871793,-0.033190742,-0.646109479135765,1.3006247753204803,10.522986,-0.012729764,4.529953e-05,-0.042294465,0.0,0.0
IBEX,2007-07-31,-7.179487179487164,-0.04016534,-0.5975728905526524,1.006833963413938,12.2705,0.008680463,-0.00017356873,-0.028449059,0.0,0.0
IBEX,2008-09-30,-103.24358974358972,-0.040845137,0.03977584026848312,2.609931469452894,10.924312,0.020830512,0.0022776127,0.04615903,0.0,0.0
IBEX,2009-03-31,-166.94871794871793,-0.033504933,0.07175816787314775,2.504574970441045,6.066036,0.02269727,-0.002153635,0.090185136,0.0,0.0
IBEX,2009-06-30,-1.6923076923076508,-0.035856776,0.0060440550894986355,3.253828740546111,6.967342,-0.049182057,0.08392072,-0.2539762,0.0,0.0
IBEX,2010-08-31,-69.53846153846148,-0.0353469,1.6610544345678422,0.0427149817572368,9.410179,-0.011681318,0.06975412,-0.01861133,0.0,0.0
IBEX,2010-11-30,-59.21794871794865,-0.049061865,1.3980438283088812,0.9902072718189865,9.8933525,0.042745292,-0.03643942,0.07688495,0.0,0.0
IBEX,2011-05-31,60.17948717948724,-0.04831773,-0.5985414876300047,-0.12279993863786429,10.183902,-0.036544323,-0.6584995,0.0981388,0.0,0.0
IBEX,2012-01-31,-135.8717948717948,-0.04292633,0.6344325711533373,-3.693083532791608,8.870795,0.010018051,0.008727789,0.011746353,0.0,0.0
IBEX,2012-07-31,6.384615384615415,-0.05982719,1.4846373994685842,-0.39725159947968286,4.9202204,-0.12729692,-0.001364708,0.12682118,0.0,0.0
IBEX,2013-04-30,81.73076923076924,-0.03583578,-0.20580764355987863,3.1183602424437304,6.2194786,-0.017591357,0.00013661385,0.043742187,0.0,0.0
IBEX,2013-12-31,-17.679487179487165,-0.036797658,-1.4236586711246626,-0.3428677794004133,7.364453,-0.010680914,0.0025861263,0.014988691,0.0,0.0
IBEX,2014-09-30,159.923076923077,-0.016847296,0.6565193059441721,1.382812103963647,8.74668,-0.006824374,-0.020559788,-0.037477475,0.0,0.0
IBEX,2015-03-31,-47.346153846153776,-0.007163123,2.3523506487624877,-0.6144098801066049,9.251469,0.004643202,0.07028818,0.06587933,0.0,0.0
IBEX,2015-06-30,95.07692307692317,-0.018357243,1.4420149302798868,0.0010046297894885459,10.073862,0.05014223,-0.014878035,-0.025565367,0.0,0.0
IBEX,2016-05-31,-214.7692307692307,-0.011008083,-0.9365156631963021,0.6198893828356711,8.8178005,-0.012404919,0.8288462,0.00627302,0.0,0.0
IBEX,2017-01-31,202.4871794871796,-0.0119709,-0.4579341145033045,0.5494710353730642,9.979628,0.0018165708,0.0031971931,0.0060749166,0.0,0.0
IBEX,2017-02-28,243.08974358974373,-0.012688304,0.16102755133728844,0.06337787363742034,10.371804,-0.0011935234,0.37003565,-0.115637764,0.0,0.0
IBEX,2017-10-31,-85.26923076923067,-0.011149723,-1.1309810805094662,-0.17209685022758767,11.385981,-0.0349586,-0.0014986992,-0.032946236,0.0,0.0
IBEX,2018-07-31,-118.79487179487167,-0.009997003,-0.6387511123549026,-0.23735776490493665,12.90977,-0.013109446,-0.041115046,0.064432815,0.0,0.0
IBEX,2019-04-30,-11.858974358974246,-0.0058191274,0.4333523744549003,0.2385621869427011,12.995225,-0.007386565,-0.0001502037,-0.006172508,0.0,0.0
NKY,2002-04-30,-33.153846153846,-0.013551881,0.39650360654807876,,3.7766402,0.01967144,0.020496368,-0.013504013,0.619999885559082,0.619999885559082
NKY,2002-12-31,72.67948717948734,-0.008810624,-1.1168529214209308,,5.0979023,0.009275377,-0.00457716,0.057305038,-0.40333303809165955,-0.40333303809165955
NKY,2003-09-30,101.94871794871813,-0.01371773,-0.5924800495243848,,6.3646455,0.019699693,-0.00051498413,-0.033491462,1.3833332061767578,1.3833332061767578
NKY,2004-08-31,52.17948717948741,-0.014737,-0.5168870055220529,1.3475070419473854,8.954897,-0.008647203,0.49355602,-0.020943463,0.32333311438560486,0.32333311438560486
NKY,2004-11-30,-30.871794871794634,-0.013793034,-0.230392366570358,1.2966993763919834,8.336548,-1.1920929e-07,0.7818861,0.005798027,0.8233334422111511,0.8233334422111511
NKY,2005-05-31,-111.19230769230747,-0.011642616,0.07594506922672771,0.31347296251195544,9.432422,-0.00937593,0.80091,0.026009947,-0.8599996566772461,-0.8599996566772461
NKY,2006-01-31,91.42307692307713,-0.015054898,2.097642198834716,1.9747409399972715,9.934036,-0.06346047,0.012248993,0.03742674,0.6199992895126343,0.6199992895126343
NKY,2006-02-28,75.24358974358995,-0.015264224,1.4993959608480598,1.6179634624113755,9.111492,-0.020435572,0.7383909,0.007787645,0.08999919891357422,0.08999919891357422
NKY,2006-10-31,-65.62820512820493,-0.01644155,0.7521572164914505,-0.8291373705085945,10.55432,0.024449825,0.024377823,-0.028693944,-1.6100000143051147,-1.6100000143051147
NKY,2007-07-31,-21.307692307692104,-0.017152661,1.37189795068942,0.59751093196084,12.216663,0.04108745,0.00054454803,-0.024932891,1.2066662311553955,1.2066662311553955
NKY,2008-09-30,-86.05128205128183,-0.013393281,-0.9266347266939169,2.5108331702860234,8.668931,0.05853045,0.01465416,0.06168312,-2.9999985694885254,-2.9999985694885254
NKY,2009-03-31,-168.65384615384596,-0.0119659165,-0.6602509509236495,1.6117992413274789,1.5117875,0.032718778,-0.023647308,-0.105167314,1.6000009775161743,1.6000009775161743
NKY,2009-06-30,3.1025641025642963,-0.012397038,-1.0510602917317013,1.5910199340157039,2.2775102,-0.041361213,-0.027523994,-0.01864779,-0.5566660165786743,-0.5566660165786743
NKY,2010-08-31,22.717948717948882,-0.008490557,-0.7534597172711927,1.2428452366462504,7.2293615,0.020055592,2.2476063,-0.009902477,2.1266651153564453,2.1266651153564453
NKY,2010-11-30,-61.30769230769215,-0.010822754,-0.23276014378653334,0.6431454789955853,7.599205,0.005997002,1.204319,0.0021020323,1.1399999856948853,1.1399999856948853
NKY,2011-05-31,-121.47435897435882,-0.010454233,-0.46468370581230667,-0.14209439843173038,4.7123384,-0.02108574,-0.1057415,0.039276823,0.043334007263183594,0.043334007263183594
NKY,2012-01-31,-131.38461538461522,-0.008332159,-1.0414204039269856,2.3135527340786624,5.9826965,-0.002277851,0.007078171,-0.023146525,0.7766660451889038,0.7766660451889038
NKY,2012-07-31,110.94871794871813,-0.006551758,-0.32711996527947534,1.0570396330364824,7.060028,-0.024808168,0.00335598,0.060367763,0.033333152532577515,0.033333152532577515
NKY,2013-04-30,192.00000000000014,-0.0052157394,1.7514372923377959,5.062171694690063,7.906682,-0.026646972,0.039990425,0.08123049,-0.9433330297470093,-0.9433330297470093
NKY,2013-12-31,0.14102564102587678,-0.0065626916,2.221419834521586,0.7176743024901365,8.882013,-0.021363497,0.0056495667,0.0036870986,0.04999987408518791,0.04999987408518791
NKY,2014-09-30,-53.589743589743335,-0.0043779905,1.129613485510048,-0.05613205817643575,11.047016,0.00092959404,-0.01131916,0.054401606,-0.013333648443222046,-0.013333648443222046
NKY,2015-03-31,103.56410256410281,-0.003210135,1.0527243641704014,1.6338355874237631,10.339715,0.019343495,0.00018787384,0.014700666,1.106667160987854,1.106667160987854
NKY,2015-06-30,47.87179487179511,-0.0038003204,1.4040268298905596,0.4982460701022593,11.354109,0.028256714,0.053156853,-0.055020377,-0.5433343648910522,-0.5433343648910522
NKY,2016-05-31,-253.5256410256408,0.0021057234,-1.6677163804340758,-0.11724460654993696,9.370552,-0.043346405,-0.3334837,-0.0014358163,-0.14000003039836884,-0.14000003039836884
NKY,2017-01-31,204.9358974358977,9.9089e-05,-0.5744738428576394,5.046062794287298,10.285902,-0.00796175,0.014643669,-0.019636646,6.283332824707031,6.283332824707031
NKY,2017-02-28,271.8461538461541,0.00040998694,-0.12458558341659229,4.623938283008136,10.513001,0.013412416,0.4943657,0.0109399855,-0.09666665643453598,-0.09666665643453598
NKY,2017-10-31,102.16666666666696,0.00020856061,1.337095734064557,1.7880581314049904,12.166753,-0.00780344,0.010953903,0.008947521,0.3833335340023041,0.3833335340023041
NKY,2018-07-31,-141.1666666666664,0.0003671783,-0.02958085331115269,0.3297122329840985,13.986063,-0.0011104345,0.0079422,0.010134667,-0.6299997568130493,-0.6299997568130493
NKY,2019-04-30,-266.4999999999997,0.0014695633,-0.607043518363957,3.780051115132038,10.795855,-0.0031454563,0.024291039,0.041688964,-0.0066668190993368626,-0.0066668190993368626
TSX,2002-04-30,2.679487179487372,-0.049980693,0.43240646443542985,3.648756871358845,7.899778,0.0068600774,-0.13366437,0.1443753,-1.1287503242492676,-1.1287503242492676
TSX,2002-12-31,-81.48717948717929,-0.041944455,0.15108363624230436,0.014384326421481202,8.928594,0.0026806593,0.0051546097,0.043004084,-0.054999589920043945,-0.054999589920043945
TSX,2003-09-30,161.88461538461553,-0.040357392,-2.01590513668747,-0.06324656218372958,9.22969,0.030010998,0.018802166,-0.0072273426,-2.508749485015869,-2.508749485015869
TSX,2004-08-31,20.50000000000012,-0.0042238384,-0.5525632658134507,0.9590086194620686,9.777093,-0.004766345,0.31469154,0.009716254,-1.5855553150177002,-1.5855553150177002
TSX,2004-11-30,-28.230769230769113,-0.0027366504,-0.8879784539662009,0.07153136684729486,9.795398,-0.004803419,0.22244167,0.00628078,0.12000051885843277,0.12000051885843277
TSX,2005-05-31,-54.37179487179475,0.00096491724,-0.9899806212776762,-0.061352528051471525,10.964575,-0.0073217154,0.08363724,-0.046253406,-0.9877784252166748,-0.9877784252166748
TSX,2006-01-31,-42.192307692307566,-0.0050560012,-1.2790013617860696,-0.3456600801230009,9.464669,-0.020736694,0.007587433,0.0960078,-0.9599993228912354,-0.9599993228912354
TSX,2006-02-28,-34.166666666666536,-0.009631019,-1.39172420133202,-0.20776966546178824,9.806104,0.0121331215,-0.004149437,0.072177075,-0.5466673970222473,-0.5466673970222473
TSX,2006-10-31,9.500000000000133,0.0018566921,-0.5928984064939138,0.2923856031131275,9.29725,-0.014239788,-0.11296749,0.020289337,1.0611109733581543,1.0611109733581543
TSX,2007-07-31,-21.910256410256277,0.0020582862,-0.5832282390346818,0.6817945101554194,10.142973,0.014235616,-0.121191025,0.022202611,5.831111431121826,5.831111431121826
TSX,2008-09-30,29.06410256410271,0.023284402,0.6011654371910286,1.0782121916024763,9.707072,0.05962813,0.0078577995,-0.18862408,4.066667556762695,4.066667556762695
TSX,2009-03-31,-266.29487179487165,0.053303577,1.1279614009590333,1.8104952892447277,5.9779215,0.013873339,0.17411423,-0.051636547,0.8855577707290649,0.8855577707290649
TSX,2009-06-30,-4.2179487179486115,0.028780669,0.559105166230147,10.38481911199983,7.220834,-0.051299214,0.060283184,0.017141618,1.0088887214660645,1.0088887214660645
TSX,2010-08-31,-35.99999999999992,0.027480157,-0.5188607249084614,1.2970882468148486,8.616449,-0.03307998,0.4654019,0.05226217,1.0866661071777344,1.0866661071777344
TSX,2010-11-30,13.717948717948802,0.021345174,-0.5579384732087695,0.19789072630855023,10.012436,-0.012440324,0.59201336,-0.059818543,-0.79444420337677,-0.79444420337677
TSX,2011-05-31,66.7051282051283,0.018609235,-0.5222682974354199,-0.39514821449908166,10.220421,-0.01558876,0.45995045,-0.082706876,0.7611109018325806,0.7611109018325806
TSX,2012-01-31,-118.33333333333321,0.039639868,-0.0032401266197370324,0.20221239119893047,8.731667,-0.0029745102,-0.07806063,-0.052234165,0.5144446492195129,0.5144446492195129
TSX,2012-07-31,-78.42307692307679,0.048999794,0.1737887571711635,0.11939738190585192,9.295331,-0.023266554,-0.097877026,-0.0050569596,-0.15555500984191895,-0.15555500984191895
TSX,2013-04-30,9.03846153846167,0.049909577,0.31682291760402925,1.4470208162744114,9.723125,-0.031413674,-0.0373044,-0.03494268,-0.3733328580856323,-0.3733328580856323
TSX,2013-12-31,52.93589743589757,0.037350453,1.095286899059152,0.2601757714573191,11.209168,-0.0064440966,-0.0044908524,0.041044027,0.18999958038330078,0.18999958038330078
TSX,2014-09-30,50.84615384615398,0.039003305,1.210791832083969,-0.3735039965604765,13.081414,0.012611747,-0.006211281,0.04233064,0.41222232580184937,0.41222232580184937
TSX,2015-03-31,-327.91025641025635,0.049219783,0.8942442448049717,0.4273250378008732,10.323968,0.013903081,0.0706439,0.030835312,-0.014444351196289062,-0.014444351196289062
TSX,2015-06-30,-149.03846153846143,0.046678714,0.9832776479935095,0.8727159639759875,13.045058,0.025632083,-0.018074274,-0.0109819,-1.4322214126586914,-1.4322214126586914
TSX,2016-05-31,18.461538461538566,0.051627032,0.2841227857626275,6.365632177221506,9.937974,-0.009605885,-0.26677585,-0.07440759,-0.5355550050735474,-0.5355550050735474
TSX,2017-01-31,210.83333333333348,0.040780067,-1.4042500144796883,4.954977546950969,12.487903,0.016368628,0.011315823,-0.06429933,0.40777724981307983,0.40777724981307983
TSX,2017-02-28,129.6410256410258,0.04270529,-0.5433039186103387,4.96721425745578,13.578052,0.0329777,0.4154775,-0.051094692,1.2833338975906372,1.2833338975906372
TSX,2017-10-31,-61.71794871794855,0.039743386,-0.43022195582042283,0.034051967544255296,12.697603,-0.008102536,0.018620253,-0.041753717,0.2666667401790619,0.2666667401790619
TSX,2018-07-31,-4.9230769230767635,0.038527146,0.5075929906570588,-0.23233737070297647,13.753043,-0.004930258,0.004997015,-0.029759813,-0.05444377660751343,-0.05444377660751343
TSX,2019-04-30,-235.66666666666652,0.04793335,0.359245552103751,1.061169878922409,13.030326,0.0050079823,0.052820683,-0.030715078,-0.013333424925804138,-0.013333424925804138
OMX,2002-04-30,-22.320512820512818,,0.26569465622117133,-0.07135334212736609,5.0816197,0.016436577,-0.02226998,-0.25853762,-0.5487504005432129,-0.5487504005432129
OMX,2002-12-31,-48.94871794871795,,-1.3356762156868602,-0.05465215039026201,4.495894,0.026423097,0.18300176,0.27781886,0.24499964714050293,0.24499964714050293
OMX,2003-09-30,50.641025641025585,,-1.557113242858616,0.44864802222721883,7.2922583,0.038461506,-0.016831636,-0.042639535,3.191251277923584,3.191251277923584
OMX,2004-08-31,201.39743589743588,,-0.5993587546072074,-0.667833870059908,9.801241,-0.007912517,1.0989273,-0.030073125,-0.48555588722229004,-0.48555588722229004
OMX,2004-11-30,-12.025641025641042,,-0.6707780841681102,-0.8980112722979458,11.287958,-0.0057934523,2.1680374,-0.0032778978,0.7799994349479675,0.7799994349479675
OMX,2005-05-31,76.74358974358972,0.24580045,0.3064505133863404,0.8595371350749528,9.52362,-0.012599349,2.1202579,0.0900645,0.27222180366516113,0.27222180366516113
OMX,2006-01-31,166.8076923076923,0.23509273,0.7094036668321864,0.6092342374759558,11.686532,-0.036584496,0.011211395,0.033795692,-0.2200005054473877,-0.2200005054473877
OMX,2006-02-28,87.06410256410254,0.26686013,1.2117125384504126,0.6167116229288434,12.087441,0.0028876662,-0.2840414,-0.019130325,0.963333785533905,0.963333785533905
OMX,2006-10-31,-217.10256410256412,0.26206294,-1.0704129375307165,0.47160521200767724,11.143195,0.012142897,0.25814152,0.03434948,0.0811113715171814,0.0811113715171814
OMX,2007-07-31,62.807692307692264,0.27795854,-0.1962169778590136,0.7718429979301407,12.784152,0.026250958,0.051504135,0.0033338666,-1.398888349533081,-1.398888349533081
OMX,2008-09-30,-109.80769230769232,0.37194705,1.1473813901645649,0.5678823813096219,7.135539,0.06001824,0.017008781,-0.091000855,1.3066694736480713,1.3066694736480713
OMX,2009-03-31,-255.3846153846154,0.29377672,1.4859666861770338,2.337261720249426,4.5389037,0.002706945,0.00927639,-0.07262048,1.3255563974380493,1.3255563974380493
OMX,2009-06-30,-85.51282051282051,0.21623805,1.1923376104538348,1.1478380990636239,3.5323133,-0.053677917,-0.07669163,0.105746664,-1.1711115837097168,-1.1711115837097168
OMX,2010-08-31,127.21794871794866,0.217747,-0.4096917928403939,0.07522422726877001,9.62153,-0.0079602,1.1399989,0.017634612,0.176666259765625,0.176666259765625
OMX,2010-11-30,19.448717948717896,0.20716076,-1.0479462743861596,-0.16716284553264812,11.559604,-0.017668605,1.1903105,0.0019274577,0.725554347038269,0.725554347038269
OMX,2011-05-31,-144.73076923076928,0.2473156,-2.0581603223426455,-0.537690632458543,12.910092,-0.013836741,-0.2904873,0.008203737,0.40111029148101807,0.40111029148101807
OMX,2012-01-31,-329.3846153846153,0.2943022,0.5765303141701382,1.3059226954429763,9.61437,0.0004838109,-0.005426407,0.014939016,-0.6555554270744324,-0.6555554270744324
OMX,2012-07-31,117.0769230769232,0.2885353,-0.5666504682821946,0.4678891456972607,11.353134,-0.046432137,0.05409527,-0.04997019,-0.7055542469024658,-0.7055542469024658
OMX,2013-04-30,-92.60256410256397,0.27179077,-0.831897295491826,3.428499426671226,12.07433,-0.038319826,-0.015550613,-0.11601465,1.0066663026809692,1.0066663026809692
OMX,2013-12-31,62.6666666666668,0.24753228,-0.11887343965263818,1.6478953765905282,11.605035,-0.009642601,-0.009205818,-0.08435115,0.21000003814697266,0.21000003814697266
OMX,2014-09-30,254.21794871794884,0.2735302,2.111741238388144,-0.17302461064244132,13.578599,0.0021318793,-0.020448685,-0.010675591,-0.2977777123451233,-0.2977777123451233
OMX,2015-03-31,144.14102564102583,0.25631428,3.582851229073833,0.6462258392196172,12.907936,0.010887504,-0.04115963,0.012280207,-0.11444473266601562,-0.11444473266601562
OMX,2015-06-30,21.02564102564121,0.2770572,1.425127488669178,0.6187124734464158,12.935242,0.04771465,-0.040470123,-0.07707052,0.5577764511108398,0.5577764511108398
OMX,2016-05-31,-190.65384615384588,0.3158735,-0.7749771823881659,0.2811732922870564,11.084153,-0.007930756,0.69697285,0.08826701,-0.20555603504180908,-0.20555603504180908
OMX,2017-01-31,378.94871794871824,0.26748538,0.2944562690232964,1.4890694494843493,12.1915,-0.010514259,0.008945465,-0.02502339,-0.14222198724746704,-0.14222198724746704
OMX,2017-02-28,324.4230769230772,0.2638934,0.5815504652353541,1.4827850559666407,12.774873,0.014064491,-0.23582458,-0.052709322,-0.3066672086715698,-0.3066672086715698
OMX,2017-10-31,-214.32051282051256,0.25516987,-0.699431958079087,0.752723077378206,14.154115,-0.014274836,-0.04859066,0.07110684,-0.05333295464515686,-0.05333295464515686
OMX,2018-07-31,160.25641025641045,0.29511118,0.9157350722375694,0.5970357184048765,12.150187,-0.011725903,-0.057828903,-0.08888678,0.16555553674697876,0.16555553674697876
OMX,2019-04-30,-157.02564102564085,0.30038887,0.20908809453950372,0.691048297723748,13.228805,-0.00845921,-0.0010089874,0.1316478,0.7566660642623901,0.7566660642623901
SG,2002-04-30,204.7564102564102,-0.023477554,-0.19348655611290042,1.6836562066317322,4.371209,-0.00044190884,-0.0006904602,-0.034016833,0.0,0.0
SG,2002-12-31,20.371794871794748,-0.008472063,-0.689413912545814,-1.835461913066443,5.885381,-0.0018248558,0.024245977,0.028247535,0.0,0.0
SG,2003-09-30,124.39743589743578,-0.022025112,0.9151180654090475,1.7093887840242374,6.2617383,-0.024027467,0.082325935,-0.023835987,0.0,0.0
SG,2004-08-31,76.44871794871786,0.01056895,-0.16061682155863713,-0.0693277780079203,8.055756,-0.0069732666,1.0365052,0.005316913,0.0,0.0
SG,2004-11-30,-57.85897435897446,0.017786246,-0.7466996856538585,-0.9319054336852696,8.288624,0.005782485,0.47726774,-0.03418781,0.0,0.0
SG,2005-05-31,-119.23076923076934,0.026068307,-0.06559000115720458,-0.6283138252571793,10.339455,0.009275556,0.41553783,-0.034264296,0.0,0.0
SG,2006-01-31,12.974358974358864,0.011923991,-1.05451319701906,-0.02076900220442289,12.713099,-0.023132801,0.0030212402,-0.04703054,0.0,0.0
SG,2006-02-28,-52.60256410256421,0.016147219,-1.001798201848904,-0.3223663108987274,13.053931,-0.014482856,-0.37200165,0.020326316,0.0,0.0
SG,2006-10-31,15.384615384615266,0.015175689,-2.828779285728105,0.6861241446233229,10.28692,-0.0052571297,0.0026750565,-0.027518898,0.0,0.0
SG,2007-07-31,83.26923076923062,0.0118740555,-0.016466636452609713,1.0384077299037675,10.666258,0.028761625,0.0035042763,0.01801905,0.0,0.0
SG,2008-09-30,-266.28205128205144,0.0148962885,-1.4141533597416927,0.8205838184110115,10.370513,0.038939953,-0.004363537,-0.009061873,0.0,0.0
SG,2009-03-31,-49.115384615384755,0.035810016,-0.15961746819462244,3.3912405339752074,6.465375,0.005130708,-0.0020098686,0.04384096,0.0,0.0
SG,2009-06-30,195.79487179487168,0.013202861,0.3139682716807652,2.9631870108041594,6.7951717,-0.04576254,0.10429573,-0.048926473,0.0,0.0
SG,2010-08-31,-118.60256410256413,0.012484908,-2.104603788209838,-0.7376208165923753,9.819254,-0.01842761,-0.20771265,0.037927628,0.0,0.0
SG,2010-11-30,-36.88461538461541,0.008044763,-2.075046653891303,-0.5305180110097433,10.605178,-0.011435151,0.22339869,0.015825167,0.0,0.0
SG,2011-05-31,-85.61538461538464,0.0120016225,-3.3743284627336196,-0.21300989910119061,10.939603,-0.019083261,0.702549,-0.026985124,0.0,0.0
SG,2012-01-31,-158.4615384615384,0.022116996,-0.21894331808375714,0.6159088883313268,9.645174,-0.024915457,-0.0320549,0.010639653,0.0,0.0
SG,2012-07-31,233.7948717948718,0.021548994,-0.3253875280508238,-0.5374214578979983,10.506882,-0.011931539,0.0058312416,-0.0030659437,0.0,0.0
SG,2013-04-30,-81.21794871794874,0.019175995,-0.7037183402439067,2.0330402606696603,12.554493,-0.047101498,0.045309067,-0.055859774,0.0,0.0
SG,2013-12-31,-17.12820512820515,0.009303993,-0.07454839446236028,-0.41131798979180323,14.141414,-0.012472391,0.00047683716,-0.037564203,0.0,0.0
SG,2014-09-30,-117.43589743589746,0.0112135075,-1.2062249757731214,-0.7766930131808769,13.941444,0.004314661,0.0021848679,-0.02242598,0.0,0.0
SG,2015-03-31,-70.00000000000003,0.013423797,0.6468378991979566,0.47910893420716,11.86132,-0.00072419643,0.08413744,-0.044007465,0.0,0.0
SG,2015-06-30,-56.62820512820516,0.010075077,-0.2863812147277502,-0.21130096568865936,12.800811,0.0061048865,-0.017614365,0.0063328296,0.0,0.0
SG,2016-05-31,120.4358974358974,0.018737596,-0.5208865335793381,-0.40523832737100723,10.8723135,-0.01836741,-0.24031854,0.0037330985,0.0,0.0
SG,2017-01-31,108.11538461538457,0.014418241,-0.4095133262102724,2.0197578270020333,10.806199,0.0025140643,-0.0047512054,-0.019752994,0.0,0.0
SG,2017-02-28,147.88461538461533,0.013406707,-0.40483482013922684,1.9057406084178437,11.338329,-0.007167101,-0.031257153,0.027469426,0.0,0.0
SG,2017-10-31,70.25641025641019,0.012427818,-0.6912163133519484,-0.4480422278069858,11.529744,-0.018269777,0.01998043,-0.029485196,0.0,0.0
SG,2018-07-31,-43.1282051282052,0.018237323,-0.5632432180881489,-0.554052042584865,12.672611,-0.015394568,-0.0072813034,-0.016898364,0.0,0.0
SG,2019-04-30,-88.23076923076928,0.019949455,-1.764823568623649,-0.36883373803859654,16.196829,-0.009457707,-0.006922722,-0.043001547,0.0,0.0
SMI,2002-04-30,-61.08974358974384,-0.03415717,-1.5454752310207778,3.2748933805601457,9.18151,0.018282652,0.0018153191,0.093167275,0.32125043869018555,0.32125043869018555
SMI,2002-12-31,-158.0641025641028,-0.02147156,-1.5987617404421173,4.864350085302506,6.9671745,0.01909411,0.0023155212,-0.14058597,0.24499964714050293,0.24499964714050293
SMI,2003-09-30,213.2948717948715,-0.024590647,0.1373589470406507,2.2883177904225294,6.8841085,0.034695327,-0.013456345,-0.04264025,-0.8887505531311035,-0.8887505531311035
SMI,2004-08-31,189.7435897435897,-0.022679819,-0.6518664894801168,-0.9484010136657776,10.83435,-0.007988572,0.43800545,0.034433942,-0.5955555438995361,-0.5955555438995361
SMI,2004-11-30,64.85897435897432,-0.019586869,-1.1654666475846742,-2.6574211155079053,10.62731,0.015028715,0.32801437,-0.037433624,0.06000009924173355,0.06000009924173355
SMI,2005-05-31,-215.66666666666666,-0.015941016,0.2623305311429624,-0.4440145859077716,12.59709,-0.008719802,0.38038445,0.06782917,-0.5577771663665771,-0.5577771663665771
SMI,2006-01-31,134.98717948717947,-0.018614069,0.7616128649050496,0.28122692723822534,13.945997,-0.014993906,-0.002199173,-0.055159234,-0.5899994373321533,-0.5899994373321533
SMI,2006-02-28,62.205128205128176,-0.019074794,1.501730034392727,0.04790924060418246,13.777437,0.013803065,-0.10942745,-0.013000226,-0.47666674852371216,-0.47666674852371216
SMI,2006-10-31,-14.602564102564138,-0.020892436,0.3561698144751914,-2.089846111894068,14.800276,0.012084305,-0.0026245117,0.00090185367,-0.07888847589492798,-0.07888847589492798
SMI,2007-07-31,80.88461538461534,-0.027296182,1.255507151608233,-2.359159630317778,18.738619,0.020468831,-0.016786575,0.015958011,-0.9888884425163269,-0.9888884425163269
SMI,2008-09-30,-66.65384615384616,-0.022348018,-0.7255500824801161,-2.2312473053874395,9.271498,0.020437956,-0.0034313202,-0.0024802089,3.166666269302368,3.166666269302368
SMI,2009-03-31,-228.44871794871793,-0.01611999,-0.1516201549717222,2.507986563692139,5.88941,-0.0018519163,0.074030876,-0.010546714,0.19555532932281494,0.19555532932281494
SMI,2009-06-30,-98.17948717948714,-0.019038737,-0.3751420754440643,4.71983257997232,7.5927453,-0.016603708,-0.21941853,-0.11784514,-0.4511104226112366,-0.4511104226112366
SMI,2010-08-31,-66.41025641025634,-0.0069956104,-1.213224420076969,4.001376371526095,13.13788,-0.0058659315,-0.56161976,0.018223744,0.4566669464111328,0.4566669464111328
SMI,2010-11-30,-179.92307692307688,-0.011421714,-0.866510207175154,1.754156537498718,12.328677,0.015000045,0.08605099,0.020557247,-0.35444366931915283,-0.35444366931915283
SMI,2011-05-31,-82.97435897435892,-0.01426059,-1.9731769166234707,1.030827080154742,12.431945,-0.01658392,-0.011467934,0.029141776,0.06111109256744385,0.06111109256744385
SMI,2012-01-31,12.602564102564182,-0.0025903224,-0.4451496693445378,2.2808728325405294,12.150725,0.028712869,0.0027599335,0.042045183,-0.8955561518669128,-0.8955561518669128
SMI,2012-07-31,111.12820512820524,-0.00017890614,1.482778763511317,2.0754098359083186,13.169017,-0.036269426,0.032388687,-0.013903064,-0.6755554676055908,-0.6755554676055908
SMI,2013-04-30,81.41025641025652,-0.001879995,0.39882053648302324,2.8734949046777465,13.352505,-0.014683247,-0.04177475,-0.03501319,-1.3833330869674683,-1.3833330869674683
SMI,2013-12-31,-81.23076923076911,-0.00683885,-0.7099807028909187,0.4720675796822915,14.677299,-0.010211706,0.014446259,-0.010404319,0.21000003814697266,0.21000003814697266
SMI,2014-09-30,1.2179487179488409,-0.0009231856,0.13428631117324383,0.3937333008773683,13.233142,-0.008099556,-0.0076150894,-0.037929934,-0.14777714014053345,-0.14777714014053345
SMI,2015-03-31,-85.06410256410243,0.0044162273,-0.5371705040167679,-0.27826750480583234,12.457527,0.017572582,-0.0493412,-0.0769452,-0.1644439697265625,-0.1644439697265625
SMI,2015-06-30,-100.67948717948703,0.002738324,-0.7126469607043248,-0.4251496905802358,13.383231,0.036391497,-0.26247883,0.048212666,0.2377767562866211,0.2377767562866211
SMI,2016-05-31,-44.52564102564088,0.0075222985,0.9638800624279008,2.7138285317327346,11.828437,-0.0055315495,-0.7389488,0.00409304,0.2044438123703003,0.2044438123703003
SMI,2017-01-31,159.30769230769243,0.004974123,-1.2106748260505549,1.6904390058081962,12.979496,-0.0069851875,0.0007286072,-0.00022356585,0.1777777075767517,0.1777777075767517
SMI,2017-02-28,183.9487179487181,0.0065236334,-0.47331501082312083,1.6942196126849327,14.057688,0.0074065924,1.4586554,0.047180314,-0.276666522026062,-0.276666522026062
SMI,2017-10-31,232.55128205128221,0.004841823,1.099177095762885,5.737004380808968,14.730826,-0.0059860945,0.026276588,-0.019661373,-0.22333398461341858,-0.22333398461341858
SMI,2018-07-31,-247.02564102564088,0.004230872,0.16366446829236259,-0.20376449801199334,17.025377,-0.022056341,0.003965378,-0.018728305,0.08555561304092407,0.08555561304092407
SMI,2019-04-30,-248.17948717948698,0.007021605,-0.6190353379306669,0.6948597595676981,16.439098,-0.01452899,-0.14441776,-0.028926224,-0.0033331960439682007,-0.0033331960439682007
MIB,2002-04-30,-142.55128205128204,,-0.2274095634484784,1.463817646001374,4.8382525,0.021861374,-0.0014047623,-0.09087959,,
MIB,2002-12-31,-78.39743589743588,,-1.9256106913505093,0.17376923764389693,5.343839,0.014394462,0.01153183,0.056437183,,
MIB,2003-09-30,111.65384615384615,,-1.6438663759847774,1.439836263768554,3.5597687,0.031094253,-0.0005469322,-0.008828741,,
MIB,2004-08-31,-5.551282051282034,-0.04004376,-0.9813814143085502,1.3082688203061066,6.155794,-0.008121371,-0.10178995,0.0007933192,-0.5855553150177002,-0.5855553150177002
MIB,2004-11-30,-25.230769230769216,-0.036899947,-0.7997360554193931,0.7166869176085936,6.349793,-0.00013375282,0.22707105,-0.0071185827,0.39000001549720764,0.39000001549720764
MIB,2005-05-31,37.47435897435899,-0.033040006,0.39058944974445253,1.0704489951006737,7.799677,-0.0066804886,0.9211178,-0.041575275,0.24222207069396973,0.24222207069396973
MIB,2006-01-31,105.42307692307695,-0.03499537,1.5213973262196043,0.7142756522211585,8.322432,-0.029043317,0.0014715195,0.005120253,0.8899991512298584,0.8899991512298584
MIB,2006-02-28,150.96153846153848,-0.03515801,1.9285338269476542,0.7395069624710674,9.04962,0.0011406541,0.19588566,0.06401136,0.2333332896232605,0.2333332896232605
MIB,2006-10-31,-46.141025641025635,-0.038035445,-0.646109479135765,0.09961694567400262,10.914522,-0.006113887,-0.0030089617,0.04912261,-0.22888904809951782,-0.22888904809951782
MIB,2007-07-31,-53.62820512820514,-0.04454861,-0.5975728905526524,0.44508954852505855,11.662364,0.020487964,0.0002808571,-0.04942274,0.031110107898712158,0.031110107898712158
MIB,2008-09-30,-268.39743589743597,-0.046460506,0.03977584026848312,0.44335280188618276,9.688042,0.056459606,-0.004042387,0.116422415,-18.043333053588867,-18.043333053588867
MIB,2009-03-31,-163.06410256410268,-0.041185334,0.07175816787314775,1.2697436926315364,3.6951838,-0.004557848,-0.013013363,-0.106671184,0.9455553293228149,0.9455553293228149
MIB,2009-06-30,55.525641025640915,-0.04229856,0.0060440550894986355,3.2952505447718794,4.5258474,-0.03217435,-0.008053064,0.118565954,-1.121110439300537,-1.121110439300537
MIB,2010-08-31,-29.935897435897548,-0.036713336,1.6610544345678422,0.8090328430085493,8.501474,-0.0012180805,-0.53339577,-0.05269428,1.2466659545898438,1.2466659545898438
MIB,2010-11-30,25.961538461538343,-0.04501971,1.3980438283088812,-0.5734108195084784,8.016465,0.042440236,0.025247812,0.07977583,0.9155548810958862,0.9155548810958862
MIB,2011-05-31,-40.03846153846166,-0.046270452,-0.5985414876300047,-0.698742732155681,9.849853,-0.023577452,-5.6352415,-0.017287321,-0.048888564109802246,-0.048888564109802246
MIB,2012-01-31,-334.73076923076934,-0.05774311,0.6344325711533373,-1.6198387418830313,7.4191008,0.0049034357,-1.21593475e-05,0.045022912,-1.0555551052093506,-1.0555551052093506
MIB,2012-07-31,41.73076923076915,-0.05902977,1.4846373994685842,2.9766837284419148,7.7766447,-0.12333989,0.021848083,-0.012289149,-0.4255554676055908,-0.4255554676055908
MIB,2013-04-30,-161.02564102564114,-0.037517875,-0.20580764355987863,5.6568755830639095,7.6850376,-0.021401167,0.0014195442,0.04771305,0.3066674470901489,0.3066674470901489
MIB,2013-12-31,126.23076923076916,-0.04006409,-1.4236586711246626,1.0184175318282864,7.47949,-0.015858531,-0.033836603,-0.013897866,0.21000003814697266,0.21000003814697266
MIB,2014-09-30,-8.269230769230887,-0.022223823,0.6565193059441721,0.8631364224027701,7.025354,-0.025349975,0.00041806698,0.019229967,0.11222213506698608,0.11222213506698608
MIB,2015-03-31,-69.83333333333347,-0.011333226,2.3523506487624877,1.8471687600163347,6.864,0.006401241,0.0016636848,0.08502887,-0.5144453048706055,-0.5144453048706055
MIB,2015-06-30,153.30769230769218,-0.022226814,1.4420149302798868,1.9002876719558568,7.523989,0.042624533,-0.029345244,0.015282291,1.4477777481079102,1.4477777481079102
MIB,2016-05-31,-156.7307692307693,-0.012116405,-0.9365156631963021,1.0911582505733879,6.289125,-0.007990599,-1.2887118,-0.022902202,0.3144444227218628,0.3144444227218628
MIB,2017-01-31,363.99999999999983,-0.021134619,-0.4579341145033045,0.27768658127745643,7.2686973,0.045972884,-0.000644207,0.085813716,-0.22222286462783813,-0.22222286462783813
MIB,2017-02-28,418.1666666666665,-0.019396042,0.16102755133728844,0.5978261651746744,9.1627865,0.0057275295,1.8717928,0.008838433,0.41333305835723877,0.41333305835723877
MIB,2017-10-31,108.9230769230769,-0.016951172,-1.1309810805094662,0.47933455835689187,8.313016,-0.007877469,-4.220009e-05,0.08263212,0.10666593909263611,0.10666593909263611
MIB,2018-07-31,-117.67948717948717,-0.025769234,-0.6387511123549026,1.1747524401152791,9.723006,-0.015191555,-0.00019454956,0.016298305,0.11555534601211548,0.11555534601211548
MIB,2019-04-30,-82.8974358974359,-0.023973173,0.4333523744549003,0.5432865165208447,9.031175,0.0007452369,-0.000104665756,-0.09447071,-0.35333359241485596,-0.35333359241485596
AS51,2002-04-30,15.948717948717984,-0.06021359,-0.6101346890336894,1.16935423072017,13.157796,0.017926574,0.0049738884,-0.006582424,-0.18000030517578125,-0.18000030517578125
AS51,2002-12-31,34.61538461538465,-0.051013507,-0.33931422020695096,-0.1464016095822926,11.461267,0.0108501315,-0.30806112,-0.039708734,1.2566667795181274,1.2566667795181274
AS51,2003-09-30,75.73076923076928,-0.053240668,-2.184327225031377,0.9196463286701091,15.846579,0.010678768,0.13222551,0.10770026,0.45333290100097656,0.45333290100097656
AS51,2004-08-31,234.91025641025647,-0.048052464,-0.5485598381557603,0.38824733694804847,12.739409,-0.007959485,0.32143354,0.048158348,-0.8266664743423462,-0.8266664743423462
AS51,2004-11-30,111.74358974358977,-0.044138387,-0.19885342270999756,-0.065396631278313,14.946862,-0.009265184,0.8838701,0.04537426,1.0333335399627686,1.0333335399627686
AS51,2005-05-31,-49.41025641025641,-0.042677835,-0.8134505409720847,0.14741425452107745,14.367095,-0.0026954412,0.38865423,-0.012740463,1.0199995040893555,1.0199995040893555
AS51,2006-01-31,-39.65384615384611,-0.045450047,-0.0533202237836955,-0.10259130295357885,16.192934,-0.026252627,0.017145157,0.028127342,-0.1299997866153717,-0.1299997866153717
AS51,2006-02-28,-80.7307692307692,-0.044659644,0.519492322520615,-0.04377996319451466,15.088334,-0.010461569,-0.66260815,-0.011175334,0.8900003433227539,0.8900003433227539
AS51,2006-10-31,-73.03846153846148,-0.048462495,-0.05614431780756425,0.8485408335963676,14.140697,-0.00998652,-0.017996311,-0.011235386,0.9900004267692566,0.9900004267692566
AS51,2007-07-31,-2.6923076923076388,-0.05265972,-1.3090837850296306,0.9541864086668657,14.762574,0.045511007,0.002275467,0.006352514,-0.9333330988883972,-0.9333330988883972
AS51,2008-09-30,-117.51282051282044,-0.043415103,0.8182739855053622,0.8507899079834826,12.461474,0.0648703,-0.04990101,-0.06259489,2.3099989891052246,2.3099989891052246
AS51,2009-03-31,-94.76923076923066,-0.031764492,0.8398764563698458,0.8782107825365723,7.169098,0.010543823,0.04270029,0.04050739,0.9200007319450378,0.9200007319450378
AS51,2009-06-30,-26.538461538461423,-0.045025688,0.5470418479869549,0.18181507435675887,7.911266,-0.035571933,0.17349005,0.019615173,-0.7866674661636353,-0.7866674661636353
AS51,2010-08-31,-115.75641025641015,-0.0396879,-0.5288291693284275,1.9969874651761923,11.474076,-0.004119873,1.3171048,-0.01703322,0.6666679382324219,0.6666679382324219
AS51,2010-11-30,-173.47435897435886,-0.045404173,-0.5239087381872308,0.53501896223793,11.621744,0.0026057959,-0.12012482,0.02579768,-0.35999995470046997,-0.35999995470046997
AS51,2011-05-31,36.538461538461654,-0.043326277,-1.6148276781609663,0.22055865216487733,15.2439575,-0.017494798,0.105968,0.013039753,0.8833332061767578,0.8833332061767578
AS51,2012-01-31,-110.16666666666653,-0.027000632,-0.4914359254833234,0.010275440082742561,13.156533,-0.008110762,-0.029337883,0.022169277,0.8966668844223022,0.8966668844223022
AS51,2012-07-31,32.25641025641037,-0.02074695,-0.049139277669384945,0.5394231912477873,11.750472,-0.03476131,0.011662483,-0.044519067,0.32333311438560486,0.32333311438560486
AS51,2013-04-30,171.4615384615386,-0.022260107,-0.10863565884651807,1.5510680006096218,13.070436,-0.033186793,0.010422707,-0.10997537,1.5466667413711548,1.5466667413711548
AS51,2013-12-31,40.06410256410273,-0.03309126,1.3194359209625253,0.8059013613203014,15.712463,-0.00037622452,-0.06515169,-0.018883988,0.5499998927116394,0.5499998927116394
AS51,2014-09-30,-129.70512820512806,-0.025029983,0.4151549371870767,0.8972567128596025,15.371787,0.022752523,0.009942055,0.027656585,-0.9133332967758179,-0.9133332967758179
AS51,2015-03-31,0.6794871794873648,-0.014063258,1.6513196370810934,2.48573110259373,13.398336,0.0153897405,0.028551102,-0.014487252,-0.8933337330818176,-0.8933337330818176
AS51,2015-06-30,76.320512820513,-0.02015077,1.5805173480045553,3.3394665419268628,11.852945,0.040192068,-0.016806602,0.04094459,0.9766680002212524,0.9766680002212524
AS51,2016-05-31,-25.858974358974184,-0.013911457,0.329713715450177,2.015300766436482,11.965712,-0.01623869,0.04018283,-0.042902052,0.030000049620866776,0.030000049620866776
AS51,2017-01-31,120.47435897435916,-0.018185265,-1.0647821108779163,1.2135657437686946,11.670516,0.006971836,0.0007109642,0.024551138,-3.106665849685669,-3.106665849685669
AS51,2017-02-28,150.3076923076925,-0.01832169,-1.1952572889795388,1.2530132454275116,12.5612955,0.009583533,0.5429468,-0.00097844,-0.31666693091392517,-0.31666693091392517
AS51,2017-10-31,-36.79487179487161,-0.017715305,0.1403275083133608,-0.17209727630849306,15.025712,-0.00084996223,-0.0010771751,0.022571117,0.18333277106285095,0.18333277106285095
AS51,2018-07-31,10.641025641025834,-0.017366752,0.945222141770085,-0.8271760711631634,13.372682,-0.0029031038,0.0003604889,0.04440549,0.33000025153160095,0.33000025153160095
AS51,2019-04-30,-181.2948717948716,-0.007945666,0.290596468115892,-0.27239471234942886,11.543408,0.00079256296,-0.008821011,-0.029419318,0.18333370983600616,0.18333370983600616
FTSE,2002-04-30,47.551282051282165,-0.051339407,-0.3329611794241407,0.0005274131526686694,5.644488,0.0065250397,-0.004588604,0.04165241,0.15125036239624023,0.15125036239624023
FTSE,2002-12-31,-57.39743589743576,-0.04313309,0.055584581496265384,0.6562296538498222,5.5687776,0.0057148337,0.04607439,-0.046429347,-0.5950005054473877,-0.5950005054473877
FTSE,2003-09-30,111.92307692307706,-0.04473628,0.9643550920167884,0.08906627285528025,8.341052,0.032395184,-0.002263546,-0.015788179,-0.7287507057189941,-0.7287507057189941
FTSE,2004-08-31,65.70512820512837,-0.037216563,-1.2434468968829302,0.7641911833172463,9.426903,-0.013245225,0.44160128,-0.0102260895,0.5644443035125732,0.5644443035125732
FTSE,2004-11-30,48.230769230769404,-0.034153033,-0.5398371972560575,0.9467178174949877,8.80038,0.00863564,-0.4846244,0.0050001144,-1.0599998235702515,-1.0599998235702515
FTSE,2005-05-31,70.60256410256427,-0.030934189,0.6158804059996236,1.2839536441714392,12.12333,0.0048000813,1.0071511,0.0007428285,-0.35777735710144043,-0.35777735710144043
FTSE,2006-01-31,-25.999999999999797,-0.03006193,0.3314093159997715,0.8499655377691678,12.804639,-0.020357013,-0.010998249,0.0023236033,-0.24000000953674316,-0.24000000953674316
FTSE,2006-02-28,-19.34615384615364,-0.03033264,0.6542980473278699,0.805236927092722,12.069079,0.0124349,0.1630044,-0.0034850594,-0.5466664433479309,-0.5466664433479309
FTSE,2006-10-31,-42.3974358974357,-0.033448312,-0.6433508386554966,0.9185826033801086,13.894412,0.008706212,-0.023186684,-0.0383782,-0.4688888192176819,-0.4688888192176819
FTSE,2007-07-31,7.217948717948914,-0.03977836,-0.9079867908044555,2.7310260438922604,15.432411,0.024717093,-0.013010025,-0.013484955,-1.9688880443572998,-1.9688880443572998
FTSE,2008-09-30,-61.69230769230749,-0.029896997,2.2231886326111345,0.7906406627139361,8.524064,0.041626513,0.13266897,-0.028289616,4.556665420532227,4.556665420532227
FTSE,2009-03-31,-149.85897435897417,-0.01349449,1.3722446451467982,3.2539789905752596,4.4328985,-0.0050445795,0.011366367,0.051935524,-0.9344457387924194,-0.9344457387924194
FTSE,2009-06-30,-26.576923076922885,-0.021854479,0.6338683170122836,1.6332561071067992,5.0116534,-0.005842328,0.01771307,0.045171298,0.19888919591903687,0.19888919591903687
FTSE,2010-08-31,-11.615384615384395,-0.017369889,0.12604352927107096,0.8158658966605579,9.124641,-0.008628964,0.5597396,0.029654186,-0.9733333587646484,-0.9733333587646484
FTSE,2010-11-30,-70.33333333333312,-0.02246679,-0.13059805246817316,-1.1081484714549517,9.341228,0.008848727,0.41704464,-0.04958681,0.22555625438690186,0.22555625438690186
FTSE,2011-05-31,-44.23076923076898,-0.022924693,-0.2135906157060474,-1.0625804548139983,10.1385565,-0.022277355,1.4407182,-0.038803585,-0.5588897466659546,-0.5588897466659546
FTSE,2012-01-31,-187.0512820512818,-0.007971592,-0.11637811060885983,-1.5529337193755726,10.791073,0.010344565,0.011147499,-0.029971058,0.7844451069831848,0.7844451069831848
FTSE,2012-07-31,3.5897435897438377,-0.0022827685,-2.0172014054624796,-1.0999805475141693,11.073784,-0.026175976,-0.007852554,-0.021739226,0.504443883895874,0.504443883895874
FTSE,2013-04-30,80.30769230769258,-0.005672305,0.6770572856696064,0.0604167829783518,11.505575,-0.005513072,-0.092455864,0.013868218,0.02666674554347992,0.02666674554347992
FTSE,2013-12-31,-45.23076923076896,-0.019526606,-0.20782664099060763,-0.5695649597315802,11.174221,-0.008280039,-0.0028243065,0.044571906,-0.6499996185302734,-0.6499996185302734
FTSE,2014-09-30,-54.910256410256096,-0.013146978,-1.6129007377432274,-1.4450400678118582,10.615123,0.0067664385,0.0019602776,-0.007141155,0.29222244024276733,0.29222244024276733
FTSE,2015-03-31,-24.102564102563793,-0.004308386,-0.8906397902437405,-0.7634932008756975,7.9926047,0.036039293,-0.044799328,-0.016376276,0.3055553436279297,0.3055553436279297
FTSE,2015-06-30,23.69230769230801,-0.008566455,-1.0996463348371688,-0.2593354442221487,9.192492,0.04373443,0.054627895,0.010529834,0.14777851104736328,0.14777851104736328
FTSE,2016-05-31,75.50000000000033,-0.0018983288,0.5179350998993034,1.3270855760932703,8.582576,-0.0004825592,-0.7933526,0.009685505,0.46444594860076904,0.46444594860076904
FTSE,2017-01-31,247.52564102564136,-0.0022990191,0.9279036144846946,0.7037321833672716,8.9204035,0.006136179,0.0018053055,0.022106122,-0.15222221612930298,-0.15222221612930298
FTSE,2017-02-28,187.93589743589777,0.00022463594,0.7981430575732874,0.18691700208632803,8.986022,-0.0031064749,1.1522369,0.038204093,-0.4366663694381714,-0.4366663694381714
FTSE,2017-10-31,-116.94871794871763,-0.0015042648,-0.5881173343725012,-0.18540120067648916,9.802711,0.0043333173,0.018384933,-0.04135043,0.01666674017906189,0.01666674017906189
FTSE,2018-07-31,-14.448717948717622,-0.0012562508,-0.22012808351121085,-0.3471910701238181,11.992666,-0.0056134462,0.0006146431,-0.00798266,0.19555526971817017,0.19555526971817017
FTSE,2019-04-30,-215.70512820512786,0.001778163,-0.3198151436889531,-0.34180585122896257,12.057126,0.012723565,0.042651176,-0.018189996,0.2666672468185425,0.2666672468185425
