,SPX,TSX,FTSE,DAX,CAC,SMI,MIB,IBEX,OMX,AEX,NKY,AS51,HSI,SG
1988-01-29,23.3610 ,33.6880 ,58.0660 ,17.2630 ,42.3730 ,15.3580 ,92.3190 ,8.1770 ,73.4890 ,26.8700 ,23.9650 ,27.6970 ,194.1920 ,6.5120 
1988-02-29,23.6440 ,34.7420 ,57.1890 ,17.1170 ,50.9700 ,22.0390 ,54.9410 ,21.9380 ,85.8780 ,25.8770 ,24.3180 ,29.3710 ,203.0300 ,5.9600 
1988-03-31,24.0690 ,33.9500 ,57.1490 ,14.5140 ,35.4760 ,17.2600 ,51.3680 ,24.7480 ,93.3060 ,25.3580 ,25.2170 ,33.8060 ,209.6590 ,6.5730 
1988-04-29,24.4180 ,34.0210 ,62.1150 ,14.7300 ,40.6460 ,19.4610 ,47.5030 ,25.0710 ,95.4540 ,25.6150 ,35.9360 ,32.0600 ,209.8110 ,5.3940 
1988-05-31,25.1530 ,36.0830 ,61.7330 ,15.0340 ,41.4090 ,17.9880 ,54.8900 ,23.6600 ,101.4240 ,24.6330 ,35.8960 ,33.3940 ,201.0760 ,5.0310 
1988-06-30,25.4680 ,36.5700 ,64.1670 ,15.4790 ,39.9220 ,17.0670 ,36.1990 ,25.0700 ,114.3890 ,27.7370 ,34.0280 ,30.3330 ,222.3890 ,6.6080 
1988-07-29,25.8300 ,35.8430 ,60.0330 ,16.7590 ,36.6680 ,15.5340 ,35.7000 ,24.7450 ,98.6780 ,28.2270 ,28.2830 ,30.4840 ,210.2990 ,6.6950 
1988-08-31,26.3960 ,37.5050 ,57.8620 ,16.1330 ,37.8770 ,14.8450 ,36.3900 ,23.2530 ,90.1370 ,26.7050 ,26.4980 ,31.3480 ,191.7620 ,7.4840 
1988-09-30,26.6600 ,38.1410 ,64.2700 ,17.3190 ,43.4530 ,15.9910 ,33.2150 ,18.9950 ,101.2900 ,29.0100 ,29.3660 ,33.7580 ,215.5080 ,7.6280 
1988-10-31,27.0330 ,38.4330 ,64.0650 ,17.0110 ,42.7380 ,15.2930 ,37.7070 ,20.4780 ,100.1150 ,29.1150 ,28.0380 ,36.8720 ,236.5960 ,7.7650 
1988-11-30,27.4940 ,39.6560 ,61.5450 ,16.0620 ,41.2670 ,14.7950 ,35.3660 ,23.3020 ,101.4710 ,28.1790 ,29.7640 ,34.1290 ,223.5910 ,8.3930 
1988-12-30,27.7430 ,39.8690 ,63.6460 ,18.1020 ,44.1420 ,15.4430 ,37.0000 ,23.6120 ,112.0840 ,29.8490 ,29.2820 ,38.8540 ,223.1270 ,9.1140 
1989-01-31,27.8770 ,39.9980 ,67.7540 ,19.7330 ,41.3060 ,16.9410 ,25.6130 ,9.4740 ,115.1960 ,34.8200 ,31.4700 ,40.0040 ,252.1470 ,12.0470 
1989-02-28,28.5870 ,38.9830 ,59.8240 ,19.4260 ,40.7810 ,16.4930 ,26.2040 ,9.8580 ,111.3640 ,30.8210 ,30.7950 ,36.2110 ,223.8750 ,10.0810 
1989-03-31,28.9090 ,39.6220 ,67.9760 ,20.2890 ,45.2510 ,12.8680 ,27.2660 ,22.6540 ,120.3010 ,31.8420 ,30.8250 ,37.9940 ,233.4360 ,10.5100 
1989-04-28,28.9150 ,40.6610 ,69.0150 ,21.3690 ,46.4010 ,13.2790 ,37.9060 ,22.4990 ,119.2580 ,NA,39.7520 ,40.4460 ,249.0530 ,11.4720 
1989-05-31,29.0780 ,41.4350 ,68.3820 ,21.8800 ,47.8360 ,15.6080 ,39.9570 ,23.4690 ,123.1460 ,32.6600 ,38.3510 ,40.3770 ,217.2920 ,11.9810 
1989-06-30,29.2430 ,40.3190 ,69.8480 ,20.7960 ,47.6600 ,19.9700 ,44.4390 ,24.9290 ,129.4320 ,33.9590 ,36.7330 ,39.6090 ,203.6750 ,11.6440 
1989-07-31,29.3530 ,40.5890 ,69.7440 ,19.0000 ,55.5120 ,19.6200 ,42.6130 ,25.2210 ,133.0530 ,35.1890 ,33.7480 ,41.5540 ,254.8820 ,11.4520 
1989-08-31,29.4290 ,38.4890 ,71.7280 ,19.9330 ,52.4500 ,19.7860 ,45.2590 ,26.4320 ,133.9970 ,35.5680 ,33.2490 ,42.4930 ,239.5410 ,11.7110 
1989-09-29,29.5100 ,39.0750 ,68.3280 ,18.9270 ,52.3740 ,19.5010 ,42.8950 ,25.6710 ,123.3590 ,34.6370 ,34.7640 ,38.9130 ,279.4480 ,12.4950 
1989-10-31,29.2360 ,37.7540 ,66.5960 ,17.2420 ,48.5680 ,19.6630 ,41.4320 ,24.0590 ,121.7820 ,33.8500 ,35.4520 ,35.3610 ,247.7580 ,11.9100 
1989-11-30,29.1470 ,37.0880 ,70.8800 ,20.7020 ,54.2280 ,22.2420 ,45.5860 ,25.6470 ,132.3380 ,37.0120 ,35.8740 ,36.9840 ,248.0620 ,12.6210 
1989-12-29,29.2620 ,36.4010 ,74.4400 ,21.8690 ,54.4030 ,21.2590 ,44.3540 ,25.7240 ,142.7100 ,36.5890 ,35.9170 ,38.7340 ,264.3630 ,13.0870 
1990-01-31,28.8670 ,34.7900 ,63.5040 ,11.1360 ,46.6870 ,NA,24.2970 ,NA,70.5640 ,52.5610 ,33.7740 ,38.6580 ,256.0570 ,12.6090 
1990-02-28,29.2060 ,36.9930 ,62.9570 ,18.6090 ,46.2350 ,17.2910 ,23.3860 ,NA,76.9090 ,33.8720 ,35.1140 ,35.7150 ,278.2460 ,12.9850 
1990-03-30,29.0980 ,34.4620 ,71.0670 ,22.8970 ,49.1990 ,20.6120 ,38.2150 ,28.8660 ,120.8350 ,35.6560 ,34.5240 ,36.9060 ,264.2200 ,13.2030 
1990-04-30,29.0500 ,33.7100 ,66.9080 ,21.0490 ,53.4980 ,21.9840 ,60.9090 ,21.5500 ,122.8720 ,32.5630 ,34.4580 ,34.6770 ,267.7460 ,12.8440 
1990-05-31,29.1180 ,35.2560 ,80.0350 ,22.1800 ,59.6460 ,24.1110 ,66.6150 ,22.3280 ,135.3120 ,35.6410 ,37.8130 ,38.2480 ,291.6380 ,14.6050 
1990-06-29,29.3060 ,33.1730 ,72.1690 ,20.8220 ,52.8880 ,21.1910 ,43.4780 ,24.7070 ,124.0080 ,33.1370 ,34.4330 ,36.1770 ,288.4190 ,14.0130 
1990-07-31,29.3960 ,32.6860 ,71.8560 ,20.1560 ,51.7150 ,22.3060 ,41.7500 ,23.2460 ,117.0670 ,32.4130 ,34.3730 ,36.6720 ,294.3350 ,13.6130 
1990-08-31,29.5050 ,31.0750 ,68.5100 ,17.3570 ,46.7030 ,20.1170 ,37.1620 ,21.2200 ,102.9190 ,28.5140 ,31.5010 ,31.2960 ,258.3130 ,11.1630 
1990-09-28,29.3430 ,31.2510 ,64.5790 ,15.6330 ,46.0910 ,18.7500 ,35.8000 ,19.1700 ,83.6510 ,29.7570 ,31.6010 ,30.7370 ,249.4790 ,11.4600 
1990-10-31,29.0720 ,32.4440 ,69.9620 ,19.9610 ,54.8170 ,20.9160 ,39.0290 ,24.7100 ,112.1530 ,31.9280 ,37.5510 ,31.8960 ,305.4870 ,11.6560 
1990-11-30,28.5390 ,30.6260 ,70.3670 ,19.2390 ,49.9330 ,19.9390 ,33.4730 ,22.3570 ,99.4590 ,31.4520 ,33.6200 ,33.2050 ,281.2970 ,11.0810 
1990-12-31,28.1820 ,29.2740 ,64.8400 ,16.8000 ,46.1050 ,19.5200 ,34.9170 ,21.4650 ,106.0060 ,29.6940 ,35.1030 ,30.2860 ,277.3400 ,11.4600 
1991-01-31,27.9340 ,30.4500 ,65.6070 ,16.9430 ,49.4080 ,24.4890 ,47.0440 ,23.1840 ,107.3410 ,31.5130 ,31.1020 ,32.2040 ,292.5840 ,10.5900 
1991-02-28,27.6640 ,27.9670 ,70.2190 ,19.0800 ,48.1370 ,20.3780 ,31.0350 ,24.8820 ,106.4140 ,33.4040 ,33.8430 ,32.8960 ,300.3130 ,11.2490 
1991-03-29,27.4250 ,27.7580 ,64.6830 ,17.0280 ,52.0730 ,18.9980 ,30.9140 ,23.3570 ,102.1620 ,32.4910 ,31.3670 ,30.0530 ,289.5180 ,11.6960 
1991-04-30,27.1710 ,26.8390 ,59.3530 ,20.4830 ,46.5400 ,18.2180 ,24.1020 ,20.9850 ,95.1670 ,31.5250 ,35.9130 ,29.4400 ,268.4700 ,11.5470 
1991-05-31,27.2190 ,27.4160 ,60.7270 ,19.7830 ,47.1700 ,17.3470 ,26.9150 ,22.1340 ,107.6130 ,31.1460 ,35.4150 ,27.2930 ,288.3470 ,12.1200 
1991-06-28,27.2010 ,25.8300 ,59.7520 ,17.4470 ,43.1530 ,15.2840 ,26.1670 ,15.9970 ,102.2380 ,30.6650 ,29.9480 ,26.8670 ,284.8300 ,12.6040 
1991-07-31,27.2820 ,26.7390 ,66.9140 ,18.5260 ,46.3580 ,16.5520 ,27.8200 ,16.5590 ,102.0350 ,32.5610 ,30.2850 ,28.1520 ,315.2720 ,12.2860 
1991-08-30,27.4130 ,26.3480 ,64.4050 ,17.5980 ,48.0090 ,16.5690 ,26.2250 ,17.2620 ,103.5880 ,32.7470 ,30.2430 ,26.4080 ,290.5090 ,13.1710 
1991-09-30,27.6520 ,25.5420 ,62.8920 ,16.9750 ,46.4070 ,16.5720 ,26.2530 ,17.4550 ,96.1080 ,32.1790 ,30.3890 ,26.2750 ,309.4160 ,13.6670 
1991-10-31,27.7970 ,26.0390 ,60.1840 ,17.1430 ,47.1030 ,17.3290 ,25.5910 ,17.2100 ,101.9850 ,32.8200 ,30.1030 ,27.1960 ,314.3170 ,13.3780 
1991-11-29,27.8280 ,24.2280 ,58.3980 ,16.5160 ,44.4880 ,16.2890 ,24.5540 ,16.5360 ,87.4430 ,31.7490 ,28.2390 ,24.2810 ,315.0160 ,12.5740 
1991-12-31,27.7180 ,25.5390 ,63.1360 ,17.2840 ,48.7830 ,17.5670 ,22.7720 ,23.2480 ,82.5680 ,32.9180 ,29.5330 ,25.3800 ,339.2580 ,11.9820 
1992-01-31,27.4460 ,24.0070 ,63.0930 ,18.2140 ,48.7820 ,14.4420 ,23.8710 ,22.0220 ,77.9860 ,36.4280 ,29.0750 ,24.0670 ,359.4570 ,11.8400 
1992-02-28,27.4230 ,24.5920 ,62.0780 ,19.0050 ,48.5410 ,18.0490 ,21.5120 ,22.5780 ,74.7120 ,32.4810 ,27.7580 ,24.1200 ,360.8310 ,11.6360 
1992-03-31,27.6350 ,24.2060 ,58.8700 ,18.2600 ,47.5260 ,18.1070 ,22.7830 ,21.2890 ,71.2910 ,30.9580 ,26.5080 ,24.5550 ,349.8300 ,11.6000 
1992-04-30,28.2710 ,24.0030 ,58.1430 ,17.0530 ,49.4000 ,18.3950 ,22.1040 ,21.4620 ,71.4090 ,32.3890 ,31.0420 ,25.8860 ,398.5710 ,11.8050 
1992-05-29,28.4750 ,25.9090 ,56.2230 ,17.5270 ,46.8500 ,18.7190 ,23.1460 ,22.5750 ,70.9010 ,32.0130 ,29.2060 ,24.8890 ,406.2070 ,12.0190 
1992-06-30,28.8380 ,24.2230 ,57.1840 ,17.2280 ,46.2370 ,19.6230 ,22.3250 ,21.0830 ,69.3690 ,30.9140 ,25.8900 ,24.1810 ,407.4720 ,12.0360 
1992-07-31,29.1430 ,24.1780 ,57.2750 ,16.2780 ,45.7330 ,19.6620 ,19.3100 ,20.5480 ,69.0050 ,31.4460 ,23.6360 ,24.2620 ,387.8480 ,11.8050 
1992-08-31,29.1850 ,24.5380 ,57.3540 ,17.3130 ,46.5160 ,19.9040 ,20.4700 ,21.9310 ,68.2590 ,31.5130 ,22.4180 ,24.6850 ,409.5910 ,11.1570 
1992-09-30,29.3640 ,23.5940 ,62.3310 ,16.0130 ,45.0810 ,20.4610 ,21.9410 ,19.8690 ,66.7370 ,31.5230 ,21.6720 ,24.6510 ,417.3040 ,11.4700 
1992-10-30,29.4340 ,26.5990 ,59.4250 ,16.8250 ,46.9480 ,20.6210 ,22.3370 ,22.5530 ,64.8670 ,30.7160 ,20.9340 ,24.9820 ,464.4440 ,11.0320 
1992-11-30,29.2180 ,25.6550 ,59.7480 ,15.1760 ,43.1230 ,20.8190 ,15.8880 ,22.6270 ,55.2080 ,29.3770 ,19.7060 ,26.9560 ,415.0380 ,11.0490 
1992-12-31,29.4020 ,25.5760 ,61.8040 ,14.6880 ,43.6320 ,22.1630 ,17.6790 ,21.6060 ,53.3090 ,29.1630 ,19.1030 ,25.7090 ,448.3890 ,11.3360 
1993-01-29,29.5380 ,25.6230 ,62.0960 ,14.3580 ,41.0840 ,19.8940 ,14.6170 ,22.1210 ,46.3480 ,29.2160 ,18.1650 ,25.8370 ,391.3040 ,11.6650 
1993-02-26,29.5510 ,24.9130 ,62.6160 ,13.4870 ,39.6740 ,19.8970 ,14.4760 ,21.8250 ,50.9600 ,29.3980 ,16.9250 ,26.1180 ,407.4010 ,11.7010 
1993-03-31,29.7930 ,25.4750 ,60.8350 ,13.0950 ,38.0570 ,20.9310 ,13.3140 ,21.6240 ,52.6500 ,28.8650 ,16.6900 ,25.2490 ,422.8830 ,11.8170 
1993-04-30,29.7990 ,26.7150 ,62.6150 ,12.5420 ,35.3460 ,20.3490 ,14.8770 ,20.3870 ,57.2030 ,27.9910 ,18.7250 ,25.4910 ,424.2200 ,11.7850 
1993-05-31,29.9780 ,24.9400 ,64.8820 ,12.7240 ,35.6740 ,21.6210 ,14.5670 ,18.9420 ,60.0640 ,29.1580 ,18.1030 ,26.7100 ,406.0060 ,12.2590 
1993-06-30,30.5600 ,25.4970 ,64.4710 ,12.4810 ,36.8500 ,22.2910 ,15.7360 ,18.8590 ,67.6170 ,30.3320 ,18.8380 ,26.4620 ,398.2610 ,12.2590 
1993-07-30,30.7140 ,24.6740 ,67.1510 ,12.5100 ,36.1890 ,21.6170 ,14.2740 ,19.1520 ,76.0530 ,30.7400 ,15.8040 ,27.2650 ,416.1880 ,11.8950 
1993-08-31,30.8770 ,24.7440 ,67.2270 ,12.8650 ,35.6310 ,22.4190 ,14.3460 ,19.0680 ,76.8860 ,31.0660 ,15.9110 ,28.2620 ,424.1750 ,12.1730 
1993-09-30,31.1730 ,24.6120 ,66.9060 ,13.0850 ,34.5810 ,23.7180 ,16.0860 ,18.4500 ,80.9590 ,31.2940 ,15.6380 ,28.1910 ,435.0150 ,12.4650 
1993-10-29,31.4790 ,26.1080 ,68.2190 ,13.2840 ,35.8410 ,24.9240 ,15.0640 ,20.1810 ,90.0520 ,33.0090 ,14.9520 ,29.1220 ,491.2410 ,12.6740 
1993-11-30,31.7290 ,25.2940 ,69.1160 ,12.9670 ,34.5820 ,24.1170 ,16.0880 ,18.3500 ,88.4810 ,31.9230 ,14.1350 ,26.7170 ,413.1380 ,12.7870 
1993-12-31,31.9140 ,25.5670 ,71.3560 ,13.5720 ,36.1930 ,26.3380 ,16.9790 ,19.9770 ,106.8810 ,33.9600 ,13.8350 ,29.5130 ,519.3340 ,12.9560 
1994-01-31,32.2300 ,25.2780 ,69.6790 ,13.5330 ,35.7190 ,25.5090 ,17.8920 ,20.9460 ,110.4160 ,33.7150 ,12.6430 ,29.4450 ,478.0450 ,13.1930 
1994-02-28,32.6280 ,25.4760 ,67.6260 ,13.3040 ,34.4280 ,23.8120 ,17.4710 ,19.0030 ,111.3270 ,32.9170 ,12.9230 ,27.8370 ,438.9490 ,13.4240 
1994-03-31,32.9580 ,24.8330 ,65.6130 ,13.5190 ,32.8090 ,23.7400 ,20.3360 ,18.2240 ,108.2680 ,32.2230 ,13.2030 ,27.1740 ,443.2880 ,13.6740 
1994-04-29,33.3300 ,27.2000 ,67.2020 ,14.3890 ,36.0540 ,23.7390 ,19.7570 ,19.6290 ,125.7120 ,34.0170 ,16.3790 ,29.1000 ,461.6660 ,14.4450 
1994-05-31,33.9770 ,27.3390 ,70.3690 ,13.4740 ,36.7290 ,26.0090 ,20.5730 ,20.7100 ,133.9650 ,35.2180 ,16.9190 ,29.6000 ,508.9450 ,14.8120 
1994-06-30,34.2610 ,28.1700 ,71.0880 ,14.6390 ,37.5800 ,26.6200 ,21.5670 ,20.4570 ,146.7010 ,35.9390 ,16.1880 ,30.3620 ,517.3570 ,14.9560 
1994-07-29,34.6320 ,28.9330 ,71.8410 ,15.6710 ,38.1440 ,26.9350 ,22.5040 ,21.5640 ,151.2670 ,36.4460 ,15.0840 ,30.9070 ,524.6930 ,15.0200 
1994-08-31,35.3700 ,29.9370 ,73.1170 ,15.9020 ,38.7530 ,26.7600 ,23.9270 ,21.8510 ,156.0870 ,37.2090 ,15.0080 ,31.4300 ,531.6250 ,15.3450 
1994-09-30,35.8640 ,31.4030 ,74.2130 ,15.0750 ,39.5610 ,26.7160 ,25.7440 ,22.1260 ,163.9940 ,38.2630 ,15.2810 ,31.8610 ,538.4920 ,15.6570 
1994-10-31,36.5910 ,32.6880 ,75.0300 ,16.4240 ,39.4120 ,26.6090 ,27.5610 ,22.5370 ,169.3520 ,38.8890 ,15.4110 ,32.3560 ,542.9690 ,16.0390 
1994-11-30,37.2240 ,33.9230 ,76.0760 ,16.3380 ,40.2200 ,26.6280 ,28.4970 ,22.9180 ,174.3280 ,39.7410 ,15.7380 ,32.6870 ,548.4450 ,16.3620 
1994-12-30,37.6820 ,35.5700 ,76.7520 ,17.7790 ,40.6950 ,26.6560 ,29.1740 ,22.7230 ,181.4300 ,40.3860 ,15.8660 ,32.9000 ,548.2210 ,16.5480 
1995-01-31,38.1990 ,36.5570 ,77.7400 ,16.9480 ,40.7480 ,26.6160 ,30.5520 ,23.1070 ,183.5880 ,40.9170 ,16.2700 ,33.6360 ,548.9240 ,16.6570 
1995-02-28,38.7430 ,37.1160 ,77.9230 ,17.7420 ,41.1530 ,27.0070 ,30.9160 ,23.4740 ,188.2810 ,41.3990 ,16.8390 ,34.1330 ,543.7840 ,16.8430 
1995-03-31,39.2000 ,38.1120 ,78.6690 ,17.4310 ,41.5500 ,26.9430 ,31.0730 ,23.8520 ,199.8750 ,41.9420 ,17.5090 ,34.7210 ,542.2070 ,17.0050 
1995-04-28,39.8180 ,37.0060 ,79.5530 ,18.5300 ,41.7110 ,26.4140 ,31.6160 ,24.1340 ,214.1220 ,42.1070 ,19.6130 ,35.3480 ,532.4750 ,17.0910 
1995-05-31,40.6410 ,37.2550 ,80.3910 ,17.8500 ,42.1710 ,26.3660 ,31.9380 ,24.5840 ,211.7060 ,42.7740 ,20.1390 ,35.5580 ,528.7080 ,17.3810 
1995-06-30,40.7420 ,36.3460 ,81.2770 ,17.9180 ,42.3340 ,25.8720 ,32.7810 ,24.3860 ,224.7780 ,43.2810 ,19.5690 ,36.2350 ,532.7020 ,17.2910 
1995-07-31,41.1640 ,37.3660 ,82.6400 ,17.5310 ,42.9760 ,25.8250 ,35.3920 ,24.9490 ,221.3240 ,44.2230 ,18.5220 ,36.2800 ,534.7280 ,17.4560 
1995-08-31,41.7020 ,40.3030 ,83.1320 ,17.5600 ,43.3120 ,25.7390 ,35.7220 ,25.3760 ,225.8580 ,44.5680 ,17.6490 ,35.4420 ,524.4630 ,17.6130 
1995-09-29,42.2320 ,39.9370 ,83.8300 ,18.1540 ,43.3880 ,26.0090 ,36.7230 ,25.7740 ,226.2870 ,44.9050 ,18.0040 ,36.2030 ,523.8930 ,17.5940 
1995-10-31,42.5450 ,41.2650 ,84.4270 ,18.4230 ,40.3580 ,26.2270 ,37.1010 ,26.0320 ,218.1950 ,45.3760 ,19.1900 ,35.9220 ,522.8670 ,17.4290 
1995-11-30,42.9050 ,40.2990 ,84.6190 ,18.6980 ,40.1900 ,26.4230 ,37.5340 ,26.3390 ,238.9010 ,45.1120 ,19.2170 ,35.5330 ,525.6720 ,17.6070 
1995-12-29,43.4930 ,40.6480 ,84.7510 ,18.9530 ,40.8470 ,26.7170 ,37.9460 ,26.5860 ,228.3140 ,44.7650 ,20.0190 ,35.5420 ,527.9360 ,17.6440 
1996-01-31,43.1380 ,40.1040 ,83.4870 ,19.1950 ,41.2390 ,27.0610 ,35.9450 ,26.9090 ,236.5280 ,44.1170 ,19.8290 ,35.6070 ,534.0380 ,17.7320 
1996-02-29,43.2850 ,39.7810 ,83.7460 ,19.4500 ,41.0820 ,27.2460 ,36.5840 ,27.1340 ,227.8080 ,44.1870 ,20.8750 ,35.6240 ,539.7060 ,17.8880 
1996-03-29,43.3520 ,39.6450 ,84.3930 ,19.2330 ,40.4940 ,27.8030 ,36.6840 ,27.3320 ,219.0920 ,43.4580 ,22.0200 ,35.1340 ,546.7700 ,18.0060 
1996-04-30,43.5140 ,39.1170 ,85.4870 ,19.6080 ,39.9730 ,27.8730 ,36.7630 ,27.3760 ,212.0200 ,43.1750 ,32.7670 ,34.6340 ,551.6120 ,17.7770 
1996-05-31,44.0120 ,38.9930 ,85.8670 ,20.7060 ,39.8410 ,26.9130 ,36.6480 ,27.7070 ,206.3420 ,43.4750 ,30.8540 ,34.7070 ,559.7690 ,18.2530 
1996-06-28,44.4640 ,39.5220 ,86.0430 ,20.0100 ,39.8190 ,28.4320 ,36.7660 ,27.9610 ,205.5450 ,44.4040 ,24.3750 ,34.0000 ,565.0720 ,15.9740 
1996-07-31,44.5500 ,39.4610 ,86.7370 ,19.6710 ,40.0430 ,28.8720 ,37.0640 ,28.2060 ,206.6970 ,44.6120 ,23.6750 ,33.5200 ,569.5180 ,16.1480 
1996-08-30,44.8140 ,39.3790 ,88.4820 ,20.8270 ,40.4850 ,29.2770 ,38.3460 ,28.5250 ,212.6220 ,44.4820 ,24.3590 ,32.8450 ,576.6380 ,16.2090 
1996-09-30,45.2250 ,40.5740 ,89.4800 ,20.9200 ,40.7560 ,29.2950 ,38.6090 ,28.6110 ,210.9080 ,44.8160 ,24.5430 ,32.2130 ,583.5680 ,16.5420 
1996-10-31,45.5920 ,39.4070 ,89.4370 ,21.3870 ,40.5520 ,29.6420 ,37.1760 ,28.8230 ,206.4830 ,45.2560 ,24.3840 ,31.9260 ,585.5490 ,16.5260 
1996-11-29,45.9350 ,39.7250 ,90.8540 ,21.6070 ,41.3660 ,29.9890 ,37.3120 ,28.9660 ,223.9810 ,45.4030 ,24.3090 ,31.8700 ,588.8900 ,16.3860 
1996-12-31,46.5280 ,40.3020 ,90.8110 ,21.7720 ,42.0690 ,30.2430 ,37.5240 ,29.0990 ,218.4030 ,45.6950 ,24.4490 ,31.8610 ,591.5380 ,16.3400 
1997-01-31,47.0110 ,40.7100 ,91.2090 ,21.6410 ,42.6570 ,31.0780 ,37.6360 ,29.3720 ,217.5310 ,46.1450 ,24.9570 ,32.1830 ,600.6110 ,16.4060 
1997-02-28,47.5380 ,40.8170 ,90.5850 ,21.8580 ,43.5800 ,31.3380 ,37.5960 ,29.7890 ,208.9620 ,47.4930 ,25.5330 ,32.4360 ,607.5800 ,16.6070 
1997-03-31,47.8110 ,41.3120 ,91.1410 ,22.3100 ,44.5410 ,32.1890 ,38.0930 ,30.0530 ,219.7000 ,48.7330 ,26.3570 ,32.5050 ,610.2140 ,16.6280 
1997-04-30,48.3810 ,41.3670 ,91.5020 ,23.2240 ,45.4710 ,32.2150 ,38.8920 ,30.4270 ,216.9960 ,47.0370 ,27.5790 ,32.8990 ,630.0950 ,16.8670 
1997-05-30,48.9190 ,42.3720 ,91.9730 ,23.7760 ,45.7120 ,33.4540 ,39.2860 ,30.4870 ,224.7990 ,49.7040 ,26.3420 ,33.0850 ,646.3730 ,17.3070 
1997-06-30,49.2310 ,43.1340 ,92.3890 ,24.1740 ,46.5890 ,33.9270 ,39.4140 ,30.8470 ,224.7490 ,51.4240 ,26.1450 ,33.0670 ,653.5140 ,17.4390 
1997-07-31,49.7210 ,42.2620 ,93.2060 ,24.4350 ,47.0030 ,34.5550 ,39.7860 ,31.2590 ,228.5020 ,52.2980 ,26.1170 ,33.4190 ,662.8330 ,17.3960 
1997-08-29,50.3090 ,43.7200 ,94.1570 ,24.7870 ,44.3920 ,35.6730 ,38.1050 ,31.6540 ,235.8610 ,54.3530 ,25.5500 ,32.3160 ,668.1100 ,17.5400 
1997-09-30,50.5710 ,43.8560 ,94.4470 ,25.2000 ,48.7710 ,36.4540 ,39.9950 ,32.0780 ,246.7900 ,56.1220 ,25.7050 ,32.9630 ,676.5840 ,17.7630 
1997-10-31,51.1460 ,44.5190 ,95.0050 ,25.1620 ,50.0280 ,37.3320 ,41.2850 ,32.4790 ,245.2370 ,57.5430 ,23.9360 ,32.8070 ,683.7900 ,17.4020 
1997-11-28,51.3040 ,44.6120 ,95.0650 ,26.2650 ,50.7090 ,37.7370 ,41.5300 ,32.7630 ,253.1290 ,58.3170 ,23.6360 ,32.6000 ,673.6130 ,16.7140 
1997-12-31,51.5160 ,43.2510 ,95.6230 ,26.3100 ,52.0370 ,38.4380 ,42.7420 ,32.9920 ,254.8740 ,59.3520 ,22.7520 ,32.3680 ,649.5550 ,16.0530 
1998-01-30,50.5760 ,43.2230 ,96.0800 ,26.6170 ,52.9200 ,40.9250 ,43.3980 ,33.5120 ,257.6260 ,59.8620 ,23.9600 ,32.5900 ,639.1160 ,16.2200 
1998-02-27,52.0190 ,43.6010 ,95.3550 ,26.8220 ,53.2530 ,39.5950 ,43.8610 ,33.9440 ,258.1490 ,59.4650 ,24.7680 ,32.5930 ,612.9370 ,14.7140 
1998-03-31,51.9760 ,37.3270 ,94.3110 ,27.2040 ,54.1360 ,40.3920 ,45.5310 ,34.3440 ,270.1210 ,59.3660 ,25.2150 ,33.5440 ,598.3310 ,13.6020 
1998-04-30,52.1040 ,41.9120 ,95.1260 ,27.8740 ,54.5740 ,41.1730 ,46.3200 ,34.8680 ,265.9240 ,60.0090 ,23.7800 ,32.6150 ,584.6000 ,13.7000 
1998-05-29,52.5870 ,44.5260 ,94.7150 ,28.9870 ,56.0080 ,41.2230 ,47.5250 ,35.0970 ,270.1630 ,62.1580 ,23.2900 ,32.7190 ,552.2060 ,13.2890 
1998-06-30,52.7380 ,43.6790 ,94.0350 ,29.3470 ,56.3970 ,41.8590 ,48.7590 ,36.1940 ,275.8960 ,62.7720 ,22.4800 ,32.8570 ,546.5330 ,12.5620 
1998-07-31,52.8930 ,44.2810 ,94.0640 ,29.8080 ,57.0650 ,42.8000 ,49.7480 ,36.6860 ,279.3770 ,63.4340 ,22.0010 ,32.5190 ,531.9600 ,12.1980 
1998-08-31,53.1830 ,43.1470 ,93.4260 ,30.1460 ,57.8300 ,43.1560 ,50.5260 ,37.4930 ,280.3550 ,63.7320 ,22.5790 ,33.7930 ,521.8490 ,12.0230 
1998-09-30,53.6510 ,42.0300 ,92.7050 ,30.1830 ,58.1310 ,43.5380 ,51.8070 ,37.3620 ,283.1550 ,62.8840 ,21.5230 ,32.5760 ,465.6250 ,10.8420 
1998-10-30,53.1310 ,41.2560 ,91.7830 ,30.5200 ,57.2190 ,42.6360 ,52.2090 ,37.4290 ,270.5480 ,56.4980 ,20.9460 ,32.7740 ,450.3970 ,9.9780 
1998-11-30,53.0420 ,40.8620 ,90.2540 ,30.4200 ,56.6380 ,41.7360 ,51.3800 ,37.6310 ,268.0320 ,54.3280 ,19.8870 ,31.6600 ,423.2200 ,9.4600 
1998-12-31,52.8780 ,40.6500 ,90.8770 ,32.3000 ,57.0410 ,42.6150 ,51.4720 ,38.0260 ,268.3330 ,50.5590 ,18.4350 ,31.5710 ,421.8670 ,9.4010 
1999-01-29,52.0060 ,40.5600 ,89.6040 ,31.5060 ,56.9230 ,42.2030 ,51.8570 ,38.3850 ,259.5170 ,50.1690 ,18.9870 ,31.6080 ,410.5170 ,9.5720 
1999-02-26,53.4040 ,39.4840 ,88.7130 ,31.7290 ,56.9220 ,42.0520 ,52.3450 ,38.4080 ,255.7150 ,50.0360 ,18.8670 ,31.5320 ,408.4840 ,9.6460 
1999-03-31,53.9800 ,39.3210 ,89.7200 ,32.1070 ,56.8490 ,42.8150 ,52.0730 ,38.8650 ,256.6700 ,50.2680 ,18.7200 ,30.3130 ,411.5210 ,9.9110 
1999-04-30,55.4880 ,39.0610 ,89.9270 ,32.0330 ,57.5230 ,43.2810 ,52.4060 ,38.9800 ,266.6800 ,50.9370 ,18.3830 ,29.9410 ,416.6890 ,10.4870 
1999-05-31,55.3560 ,39.4780 ,91.6560 ,32.5090 ,59.9110 ,44.1670 ,52.5550 ,40.5710 ,283.8110 ,52.7460 ,18.5350 ,30.2590 ,416.7210 ,11.7410 
1999-06-30,56.5050 ,40.5200 ,93.2890 ,32.6310 ,60.5260 ,44.5670 ,53.3260 ,41.2610 ,270.4260 ,54.0040 ,19.4330 ,30.3270 ,418.1080 ,12.5490 
1999-07-30,57.0910 ,41.1420 ,91.9650 ,31.9850 ,60.1250 ,44.9750 ,53.2420 ,42.0480 ,269.4740 ,54.8940 ,19.6940 ,30.1560 ,418.6060 ,12.9140 
1999-08-31,57.9880 ,40.3730 ,93.3660 ,32.4890 ,61.8680 ,45.7110 ,53.9570 ,42.5610 ,291.2650 ,56.5740 ,20.2340 ,30.7910 ,423.5080 ,13.9130 
1999-09-30,58.4790 ,43.6980 ,93.6480 ,31.1620 ,62.6930 ,45.9420 ,54.5650 ,42.8220 ,270.0220 ,58.3920 ,20.6860 ,30.6550 ,412.5810 ,14.0090 
1999-10-29,59.0260 ,45.7960 ,95.3920 ,31.3860 ,65.4640 ,46.4410 ,55.5860 ,44.3480 ,280.9630 ,59.1360 ,20.4040 ,31.7730 ,422.9260 ,14.7710 
1999-11-30,59.4110 ,45.7140 ,96.2210 ,31.9980 ,67.0320 ,46.9050 ,55.3460 ,45.1400 ,307.0460 ,61.0470 ,20.9360 ,32.0610 ,426.4370 ,15.2560 
1999-12-31,59.1950 ,45.8110 ,92.9720 ,30.4920 ,66.2270 ,47.2720 ,53.9080 ,45.8700 ,295.8410 ,60.6520 ,21.7240 ,32.0030 ,440.2080 ,14.7850 
2000-01-31,59.7820 ,46.0700 ,93.4870 ,30.0730 ,67.3400 ,47.6690 ,52.9240 ,46.7700 ,301.7760 ,61.6400 ,22.2860 ,32.7630 ,444.3820 ,15.0080 
2000-02-29,61.1340 ,46.9400 ,89.0680 ,34.6730 ,68.6820 ,48.0810 ,53.9120 ,47.7260 ,314.7100 ,62.9780 ,23.5810 ,33.3030 ,451.1670 ,15.4550 
2000-03-31,61.7200 ,49.3300 ,90.6380 ,35.6950 ,70.6270 ,49.0760 ,54.8820 ,49.2150 ,339.9300 ,63.6750 ,24.3680 ,33.9240 ,456.6450 ,15.3070 
2000-04-28,62.1120 ,50.8940 ,91.8790 ,36.9520 ,72.2180 ,49.7770 ,56.4220 ,50.1410 ,360.5670 ,66.6970 ,24.6110 ,35.0880 ,461.8690 ,16.0120 
2000-05-31,63.9830 ,57.0460 ,91.1630 ,36.7840 ,72.9230 ,50.6160 ,56.0190 ,50.1310 ,370.7340 ,67.0910 ,24.8040 ,35.7240 ,457.5700 ,16.3960 
2000-06-30,63.5910 ,55.9490 ,93.8550 ,38.1450 ,74.8880 ,51.6380 ,59.2890 ,52.6090 ,381.3790 ,69.3010 ,25.4120 ,36.5510 ,399.8290 ,14.5840 
2000-07-31,63.5890 ,58.7180 ,93.8110 ,38.4700 ,77.6070 ,52.4460 ,61.7380 ,51.8160 ,369.5020 ,71.5160 ,25.5390 ,36.8810 ,402.0600 ,13.8030 
2000-08-31,64.0880 ,60.1830 ,94.4060 ,38.7280 ,79.3120 ,53.1370 ,62.8660 ,52.9210 ,369.7910 ,74.6330 ,26.2620 ,37.0880 ,400.2420 ,15.2540 
2000-09-29,64.5060 ,59.7020 ,95.3920 ,38.7210 ,80.3630 ,53.9270 ,64.0000 ,53.6120 ,383.5060 ,76.3420 ,27.2300 ,37.5560 ,402.4150 ,15.0420 
2000-10-31,64.3140 ,64.0580 ,94.4500 ,37.9930 ,81.8680 ,54.5630 ,65.0490 ,54.5780 ,384.8860 ,78.4930 ,27.9980 ,37.9720 ,428.3740 ,15.0620 
2000-11-30,63.6680 ,64.5580 ,95.2870 ,39.2540 ,82.4190 ,55.3750 ,65.9300 ,54.9880 ,373.8910 ,80.2410 ,28.7980 ,38.1000 ,437.7290 ,16.5040 
2000-12-29,62.0470 ,68.0650 ,94.2070 ,36.6800 ,84.1680 ,55.2040 ,65.6820 ,55.1030 ,363.3900 ,81.3910 ,29.4500 ,38.5810 ,438.8810 ,16.4400 
2001-01-31,60.9500 ,64.6800 ,93.7760 ,36.7680 ,84.7970 ,55.1180 ,68.6330 ,55.9110 ,373.8390 ,81.7880 ,30.3600 ,38.9480 ,445.2950 ,16.3720 
2001-02-28,60.7310 ,67.9940 ,98.9310 ,36.9340 ,85.5570 ,55.4250 ,68.6170 ,55.9020 ,372.5890 ,81.5250 ,30.8940 ,38.8540 ,440.5010 ,16.0330 
2001-03-30,59.8470 ,67.2440 ,98.5490 ,37.0240 ,85.2020 ,54.0530 ,69.2850 ,55.5300 ,354.2140 ,80.1160 ,30.7560 ,39.2640 ,454.2580 ,15.7080 
2001-04-30,58.4610 ,60.5740 ,98.6810 ,36.9380 ,84.3420 ,53.2080 ,70.0440 ,55.7590 ,342.7950 ,74.7320 ,32.6130 ,39.8970 ,417.7460 ,15.0710 
2001-05-31,58.1730 ,63.6060 ,98.7270 ,36.3730 ,82.8170 ,52.4810 ,69.4240 ,55.9700 ,329.5490 ,73.3640 ,31.8930 ,40.3580 ,418.2540 ,14.6810 
2001-06-29,58.1160 ,65.5970 ,97.8800 ,36.8890 ,80.0390 ,49.8290 ,69.2540 ,56.4360 ,319.0300 ,73.2580 ,30.6570 ,40.6250 ,425.0400 ,14.4740 
2001-07-31,56.8910 ,58.9300 ,95.5760 ,36.9400 ,76.9110 ,51.9580 ,69.5660 ,56.2930 ,294.5550 ,70.8050 ,30.3700 ,40.5080 ,414.0630 ,14.2480 
2001-08-31,56.5690 ,57.8980 ,92.0630 ,35.8210 ,75.7180 ,47.0430 ,70.4550 ,56.4790 ,289.4310 ,69.7360 ,29.4460 ,40.5210 ,398.4280 ,13.6190 
2001-09-28,55.7100 ,58.7420 ,94.6210 ,36.0250 ,79.1050 ,45.8110 ,67.2360 ,57.7280 ,292.5180 ,71.1090 ,27.0900 ,40.0330 ,377.1000 ,12.8730 
2001-10-31,53.5190 ,53.8810 ,67.9830 ,32.1440 ,76.5650 ,48.7940 ,64.0740 ,56.4370 ,271.3690 ,69.4260 ,25.1950 ,39.2900 ,356.9920 ,11.8530 
2001-11-30,52.8720 ,44.8700 ,67.9940 ,29.3310 ,74.3100 ,47.1100 ,60.7120 ,55.1290 ,248.8200 ,66.9280 ,23.7240 ,38.8490 ,347.5090 ,10.1900 
2001-12-31,53.0620 ,50.7090 ,64.9740 ,29.9290 ,74.6020 ,46.3120 ,58.8970 ,52.0870 ,255.2770 ,63.9470 ,20.7480 ,39.8930 ,343.4710 ,9.3270 
2002-01-31,53.7680 ,50.4580 ,67.2950 ,30.3990 ,74.5310 ,46.7080 ,59.5240 ,51.9330 ,257.3670 ,64.2690 ,21.8420 ,40.3570 ,343.1710 ,9.4440 
2002-02-28,54.4230 ,50.5380 ,63.9150 ,29.3010 ,73.5090 ,46.7350 ,58.7620 ,49.7090 ,255.7640 ,61.9620 ,22.7340 ,40.8460 ,340.6120 ,9.6850 
2002-03-29,55.4200 ,52.1890 ,65.3600 ,30.0390 ,74.2070 ,46.4180 ,59.6130 ,47.8440 ,260.9040 ,60.7880 ,24.2050 ,41.2160 ,341.6420 ,10.5060 
2002-04-30,55.7870 ,53.3630 ,66.7630 ,30.5720 ,73.5800 ,46.0820 ,60.8120 ,47.2970 ,263.6700 ,62.6120 ,24.3480 ,41.7760 ,345.2550 ,10.8100 
2002-05-31,56.3850 ,54.7610 ,65.6470 ,31.7650 ,74.2170 ,46.3010 ,59.8300 ,47.6040 ,225.6780 ,64.4850 ,25.6380 ,41.8620 ,348.6160 ,11.1590 
2002-06-28,56.8220 ,56.9430 ,67.5290 ,32.3790 ,75.4970 ,46.3540 ,59.3490 ,46.3820 ,232.2580 ,63.2970 ,25.9060 ,42.6190 ,371.1410 ,11.8400 
2002-07-31,56.8730 ,57.8060 ,66.0290 ,31.7600 ,73.0860 ,46.3600 ,58.3830 ,46.1680 ,236.6650 ,63.6700 ,26.1970 ,42.4360 ,368.0910 ,11.9900 
2002-08-30,56.3420 ,57.3110 ,65.8620 ,31.6640 ,72.9280 ,45.9750 ,58.7450 ,44.1430 ,215.7350 ,62.1640 ,26.4090 ,42.6750 ,373.2060 ,12.0630 
2002-09-30,56.2990 ,59.5130 ,66.1740 ,30.4590 ,72.3280 ,44.1770 ,58.5540 ,39.3520 ,219.4390 ,61.4890 ,26.4160 ,42.0810 ,375.0250 ,11.4340 
2002-10-31,55.0420 ,58.0200 ,64.9000 ,30.3240 ,71.5730 ,41.7870 ,55.4720 ,40.5970 ,223.6580 ,60.3470 ,26.6840 ,42.1650 ,371.9680 ,11.9290 
2002-11-29,55.3020 ,57.5470 ,65.5220 ,28.6040 ,71.8820 ,41.2740 ,54.3250 ,42.0830 ,226.1430 ,59.8120 ,27.1520 ,42.0950 ,372.8570 ,11.8280 
2002-12-31,54.9430 ,58.7680 ,65.4220 ,27.8070 ,71.0800 ,41.6010 ,54.0850 ,44.2150 ,228.8410 ,59.2510 ,26.9730 ,42.1660 ,372.3410 ,12.1180 
2003-01-31,55.0950 ,58.2440 ,66.5940 ,28.5650 ,71.8680 ,41.7470 ,54.5520 ,44.8500 ,235.3720 ,60.2330 ,27.5530 ,42.3600 ,381.2550 ,12.2220 
2003-02-28,54.9060 ,60.3860 ,65.4220 ,28.2210 ,70.1470 ,41.2360 ,54.5250 ,45.0660 ,234.9250 ,58.7740 ,28.1300 ,42.0070 ,374.6910 ,12.1540 
2003-03-31,55.5330 ,61.1070 ,64.5280 ,28.3580 ,70.2060 ,40.2290 ,53.9200 ,45.8440 ,236.4510 ,57.6690 ,28.8570 ,42.1100 ,369.9230 ,11.8650 
2003-04-30,55.8790 ,61.7760 ,64.0030 ,27.2470 ,69.6090 ,38.9660 ,53.5310 ,46.1420 ,236.0710 ,56.5270 ,29.1310 ,42.0110 ,365.3220 ,11.6830 
2003-05-30,56.4940 ,60.9600 ,64.0220 ,27.2680 ,68.5260 ,38.4600 ,53.7680 ,46.1740 ,234.3000 ,56.3610 ,28.1660 ,41.6440 ,352.5300 ,11.4210 
2003-06-30,57.1040 ,60.2310 ,65.0010 ,26.8880 ,68.2790 ,38.5190 ,55.2270 ,46.2590 ,238.5490 ,54.8470 ,28.5530 ,41.2660 ,347.8680 ,11.6450 
2003-07-31,57.8460 ,61.1640 ,66.2700 ,26.7980 ,67.2920 ,39.2680 ,54.8070 ,46.4640 ,240.1090 ,54.7650 ,28.7970 ,41.5310 ,344.8930 ,11.8260 
2003-08-29,58.5660 ,60.9280 ,67.0000 ,26.9850 ,68.0080 ,40.3130 ,58.4830 ,48.0950 ,251.4740 ,55.3750 ,29.5660 ,42.2340 ,345.6460 ,12.0890 
2003-09-30,59.3490 ,62.4850 ,68.7970 ,27.8970 ,69.5160 ,41.2840 ,56.6110 ,48.7470 ,259.3200 ,56.2900 ,29.8120 ,43.0710 ,347.2590 ,12.5360 
2003-10-31,60.0760 ,62.3820 ,69.7270 ,28.9010 ,70.0340 ,41.6260 ,57.4610 ,49.3230 ,268.1310 ,56.5780 ,31.1540 ,43.3740 ,350.3840 ,12.8830 
2003-11-28,60.7260 ,62.2730 ,70.7050 ,29.8850 ,71.5640 ,42.9540 ,58.3250 ,49.8100 ,279.3780 ,56.6660 ,32.5690 ,43.6060 ,352.2990 ,13.7730 
2003-12-31,61.4640 ,63.3770 ,70.9080 ,30.3430 ,72.5370 ,43.5320 ,59.9960 ,50.4900 ,286.9460 ,56.6450 ,33.5420 ,44.2390 ,355.4730 ,14.0900 
2004-01-30,62.2280 ,65.1370 ,70.6550 ,31.1020 ,73.1990 ,44.2350 ,60.3050 ,51.1880 ,291.8110 ,56.8290 ,34.0430 ,44.1380 ,361.2390 ,14.3850 
2004-02-27,63.6070 ,68.1130 ,70.2670 ,31.9460 ,75.1430 ,44.9110 ,61.1030 ,52.3920 ,302.1150 ,56.8840 ,35.1540 ,44.7070 ,377.8940 ,14.9590 
2004-03-31,64.5270 ,68.2300 ,71.8570 ,32.5290 ,76.7790 ,46.0940 ,62.2300 ,52.8620 ,312.5800 ,57.9100 ,36.8320 ,46.5640 ,386.7970 ,15.5780 
2004-04-30,65.8690 ,72.0850 ,73.0730 ,33.0770 ,78.5330 ,46.3670 ,63.1230 ,53.7930 ,324.0280 ,58.7600 ,37.3890 ,47.5210 ,392.7640 ,15.8170 
2004-05-31,67.9810 ,73.6700 ,75.1740 ,34.0220 ,80.7280 ,47.4160 ,64.3480 ,54.8220 ,349.7310 ,60.5650 ,38.5020 ,48.0800 ,409.5250 ,16.3850 
2004-06-30,68.9930 ,74.4910 ,76.5120 ,35.2350 ,82.3970 ,48.1360 ,65.2070 ,55.8420 ,356.3440 ,60.7130 ,39.7400 ,48.7700 ,425.9280 ,16.8380 
2004-07-30,69.6950 ,75.7220 ,77.5930 ,35.8380 ,83.6650 ,48.8510 ,66.6270 ,56.8110 ,363.7700 ,61.0890 ,40.0750 ,49.4140 ,426.4120 ,17.1660 
2004-08-31,70.6420 ,76.1440 ,79.0540 ,36.8570 ,86.8580 ,49.7730 ,67.0920 ,57.8260 ,384.0420 ,62.7310 ,40.5030 ,49.6200 ,440.7050 ,17.9160 
2004-09-30,71.1680 ,77.6080 ,81.2210 ,37.6610 ,88.3450 ,50.2640 ,68.6800 ,58.9750 ,390.5610 ,63.5730 ,40.6750 ,50.6310 ,443.1160 ,17.9890 
2004-10-29,71.9510 ,79.4830 ,82.5080 ,38.2350 ,90.6770 ,51.0720 ,70.7960 ,59.7870 ,393.7880 ,63.4120 ,40.6420 ,51.4990 ,444.0790 ,17.6800 
2004-11-30,73.0760 ,79.6170 ,83.3220 ,38.8630 ,92.0450 ,50.5860 ,72.0130 ,61.0670 ,397.4490 ,64.5140 ,41.4910 ,52.8820 ,444.2990 ,18.7240 
2004-12-31,73.6770 ,81.1730 ,85.9600 ,39.5340 ,93.6430 ,52.7570 ,73.1020 ,61.7490 ,405.0560 ,63.8530 ,42.7940 ,53.6040 ,448.1750 ,18.8090 
2005-01-31,74.0320 ,80.2440 ,86.5420 ,39.8520 ,95.6110 ,51.6820 ,73.0820 ,62.6240 ,408.8150 ,63.9060 ,43.4120 ,54.8670 ,449.9390 ,19.1680 
2005-02-28,74.4480 ,79.0420 ,88.8670 ,40.4930 ,96.7740 ,52.3280 ,74.9340 ,63.1860 ,417.2930 ,64.3710 ,43.8180 ,56.0280 ,452.4060 ,19.6200 
2005-03-31,75.8260 ,83.5010 ,91.1960 ,41.2330 ,99.4020 ,53.2690 ,76.5170 ,63.9790 ,429.1820 ,65.4970 ,44.7350 ,57.6240 ,468.2310 ,19.2680 
2005-04-29,76.5910 ,87.2930 ,119.1010 ,43.9000 ,110.2480 ,56.4280 ,84.4700 ,68.5910 ,448.5210 ,70.1860 ,44.7360 ,58.9340 ,479.9610 ,18.6910 
2005-05-31,77.7260 ,85.4250 ,121.5970 ,44.6930 ,111.1550 ,57.1530 ,86.7870 ,69.3390 ,450.9720 ,72.4350 ,44.8040 ,59.2930 ,492.1740 ,18.5800 
2005-06-30,78.4470 ,85.8150 ,123.1820 ,45.0790 ,112.5480 ,58.2760 ,86.7830 ,69.7090 ,461.8970 ,73.9030 ,45.5550 ,59.2020 ,504.0780 ,19.0210 
2005-07-29,79.7130 ,87.9370 ,124.7090 ,45.5530 ,114.0130 ,59.0060 ,87.7210 ,70.6180 ,465.7600 ,74.7210 ,46.8520 ,60.1070 ,517.8690 ,18.9680 
2005-08-31,81.1450 ,89.7850 ,126.9040 ,46.6710 ,116.9260 ,59.7820 ,89.3700 ,72.9370 ,473.1520 ,74.7990 ,46.9720 ,61.0300 ,524.7970 ,19.3620 
2005-09-30,82.8010 ,90.8030 ,127.5400 ,47.3890 ,117.9250 ,60.7620 ,90.5720 ,73.3870 ,479.0150 ,75.7170 ,47.7960 ,63.1810 ,537.9690 ,19.5520 
2005-10-31,84.6260 ,95.1030 ,131.4100 ,48.5370 ,121.4750 ,61.5440 ,92.2080 ,75.3360 ,490.0590 ,75.4540 ,49.1880 ,64.9560 ,534.4790 ,19.6280 
2005-11-30,85.2150 ,95.9880 ,133.6850 ,49.1430 ,123.3700 ,63.1820 ,95.1070 ,76.1550 ,505.7730 ,76.7110 ,49.5400 ,65.2280 ,531.8080 ,19.6270 
2005-12-30,85.7240 ,97.6690 ,133.6550 ,49.7420 ,124.8900 ,64.1860 ,98.0580 ,77.9280 ,512.5630 ,77.9400 ,51.1830 ,66.1740 ,525.8260 ,19.6560 
2006-01-31,86.2340 ,98.5840 ,135.2810 ,50.4220 ,126.1400 ,65.3370 ,99.5030 ,79.6660 ,516.9070 ,79.0240 ,51.8060 ,67.3950 ,523.8910 ,19.8960 
2006-02-28,86.8460 ,99.9340 ,135.7530 ,51.3490 ,127.8640 ,67.4130 ,101.2200 ,81.7310 ,531.3760 ,80.6500 ,53.0380 ,67.1280 ,524.8570 ,20.0900 
2006-03-31,87.6300 ,99.3850 ,138.8150 ,52.5700 ,131.1270 ,69.3940 ,104.0700 ,83.1430 ,543.7930 ,82.6430 ,54.2950 ,69.1110 ,529.2470 ,20.2770 
2006-04-28,88.5220 ,101.6330 ,139.9770 ,53.2860 ,132.4180 ,69.7860 ,105.3450 ,84.3170 ,552.3980 ,83.5270 ,54.5730 ,70.3700 ,561.5760 ,20.4720 
2006-05-31,89.7090 ,103.7700 ,140.5800 ,54.2510 ,134.4710 ,70.2830 ,107.0680 ,84.9730 ,565.1960 ,84.7970 ,54.9240 ,72.2710 ,562.7880 ,20.8090 
2006-06-30,90.8200 ,103.6220 ,145.1170 ,56.1470 ,137.4170 ,71.5570 ,109.9810 ,87.6630 ,585.5630 ,85.9120 ,55.6400 ,75.7920 ,548.6650 ,21.2400 
2006-07-31,91.9220 ,104.8470 ,146.1300 ,55.6860 ,139.1440 ,71.7090 ,110.1720 ,88.0380 ,588.9930 ,85.7410 ,55.7400 ,75.6660 ,548.9190 ,21.1360 
2006-08-31,92.7850 ,107.3350 ,148.0870 ,57.0250 ,140.3310 ,73.2110 ,112.3160 ,89.9710 ,591.3640 ,86.8270 ,57.1710 ,76.1840 ,548.5780 ,21.4390 
2006-09-29,93.0970 ,106.3940 ,148.1070 ,56.7320 ,141.7980 ,73.9440 ,113.1080 ,91.0050 ,598.2160 ,87.5350 ,58.0230 ,76.5750 ,547.6990 ,21.5970 
2006-10-31,93.3210 ,106.1560 ,148.6980 ,57.0960 ,141.5180 ,74.9930 ,113.6420 ,92.0130 ,606.3570 ,87.4750 ,57.9010 ,76.6850 ,546.4730 ,21.9420 
2006-11-30,94.4450 ,107.2710 ,148.6070 ,58.1890 ,142.7310 ,76.3040 ,115.4130 ,94.5120 ,611.3740 ,88.7910 ,58.9950 ,77.1490 ,569.1970 ,22.2570 
2006-12-29,94.6180 ,107.8010 ,148.1630 ,58.3510 ,142.1260 ,76.3650 ,115.1080 ,95.0130 ,610.8030 ,88.9290 ,59.2080 ,77.5890 ,545.0270 ,22.2190 
2007-01-31,94.6890 ,108.7810 ,148.4190 ,59.2410 ,142.9760 ,77.6170 ,115.5730 ,96.2780 ,619.3000 ,89.4480 ,60.0950 ,78.0200 ,556.1630 ,22.5810 
2007-02-28,95.3670 ,108.4370 ,147.9990 ,60.3070 ,143.9460 ,79.7560 ,116.9710 ,98.6980 ,634.4920 ,90.3640 ,60.7970 ,78.9270 ,586.1930 ,22.9700 
2007-03-30,95.7760 ,110.9140 ,150.1090 ,62.1820 ,147.7750 ,81.6440 ,117.2930 ,99.8490 ,650.4520 ,91.5450 ,62.0930 ,80.0490 ,687.4600 ,23.7430 
2007-04-30,97.0860 ,110.2500 ,149.8610 ,62.5910 ,147.4850 ,81.7620 ,117.0100 ,100.5820 ,652.6870 ,91.9480 ,61.8660 ,80.2330 ,687.5790 ,24.0510 
2007-05-31,98.6720 ,110.9900 ,153.2970 ,65.9990 ,149.6350 ,84.9960 ,118.8680 ,103.4730 ,686.2480 ,93.5060 ,62.2460 ,81.9490 ,748.7120 ,25.2640 
2007-06-29,99.9490 ,112.3650 ,154.6770 ,66.5290 ,149.3940 ,85.5250 ,118.1720 ,103.3440 ,690.4190 ,93.6030 ,62.1750 ,81.1900 ,661.0260 ,25.5040 
2007-07-31,101.5090 ,112.8710 ,155.0340 ,67.6090 ,150.8500 ,86.0290 ,119.2710 ,105.1950 ,706.4650 ,94.6270 ,62.7570 ,81.8880 ,667.2820 ,26.0470 
2007-08-31,102.3440 ,113.2430 ,158.7230 ,69.9220 ,153.1960 ,87.8570 ,121.2210 ,107.9530 ,721.7980 ,96.8870 ,63.9130 ,83.6190 ,678.0260 ,27.4340 
2007-09-28,102.8860 ,114.1600 ,160.5010 ,70.2920 ,153.0200 ,87.2790 ,121.0720 ,109.1510 ,727.1510 ,97.4320 ,63.9240 ,85.7000 ,660.0400 ,27.9640 
2007-10-31,103.2160 ,114.4360 ,159.0450 ,70.4000 ,152.2140 ,86.4190 ,122.5050 ,111.4520 ,705.3750 ,100.1810 ,63.8680 ,83.7580 ,665.9860 ,28.1400 
2007-11-30,102.8900 ,114.2310 ,159.9920 ,72.2130 ,154.3770 ,86.7250 ,123.1850 ,114.5620 ,703.9110 ,101.8390 ,63.8980 ,85.1900 ,646.9710 ,28.6890 
2007-12-31,102.0950 ,118.0370 ,161.3020 ,71.9800 ,152.8030 ,84.5410 ,120.8520 ,114.0700 ,721.5870 ,101.6880 ,62.1830 ,85.3270 ,655.3580 ,28.3450 
2008-01-31,100.6520 ,121.6630 ,160.1580 ,71.9350 ,152.2660 ,82.8850 ,121.5930 ,114.8760 ,702.4310 ,101.6100 ,62.9970 ,86.3530 ,669.8370 ,28.4240 
2008-02-29,100.4410 ,122.8710 ,160.5820 ,71.4540 ,152.6870 ,81.7280 ,123.4350 ,117.0950 ,695.1290 ,101.5900 ,61.9890 ,85.3910 ,684.7880 ,28.4050 
2008-03-31,99.4730 ,124.9670 ,160.8280 ,70.6090 ,151.0890 ,80.2330 ,121.4820 ,116.6310 ,683.8960 ,101.5130 ,61.0810 ,85.6330 ,677.8410 ,28.0990 
2008-04-30,98.7790 ,134.4440 ,162.5430 ,70.3340 ,151.0590 ,70.8750 ,121.2540 ,117.1240 ,680.2840 ,99.5530 ,59.5750 ,87.0040 ,683.7240 ,28.0390 
2008-05-30,99.2750 ,136.2330 ,168.7870 ,69.6360 ,152.7160 ,71.3270 ,120.3540 ,117.7570 ,687.2880 ,99.6210 ,57.1250 ,87.5330 ,694.0030 ,27.6830 
2008-06-30,99.8810 ,145.1780 ,170.5870 ,70.2950 ,153.4570 ,69.2770 ,121.3430 ,117.5560 ,684.7610 ,100.0520 ,56.3700 ,89.3180 ,714.6130 ,27.5230 
2008-07-31,98.9550 ,146.5630 ,170.5320 ,68.7740 ,153.6840 ,70.3440 ,120.9490 ,116.6590 ,664.6050 ,98.9040 ,55.9650 ,88.1080 ,709.4600 ,27.6490 
2008-08-29,98.4650 ,148.8390 ,177.9240 ,68.5690 ,154.8270 ,72.2780 ,120.3760 ,116.8090 ,665.7900 ,97.9030 ,55.3420 ,92.0690 ,703.1320 ,27.0870 
2008-09-30,98.3360 ,152.0710 ,178.1700 ,68.5340 ,154.3090 ,73.3190 ,119.5020 ,116.3330 ,640.3290 ,98.0150 ,54.8570 ,91.3800 ,684.1830 ,26.8700 
2008-10-31,89.1960 ,140.0810 ,174.9270 ,54.6110 ,147.1860 ,73.5070 ,108.9200 ,113.4590 ,579.6330 ,89.2060 ,50.0050 ,97.9840 ,654.0480 ,25.0540 
2008-11-28,82.8420 ,126.2470 ,156.8230 ,57.8850 ,141.4950 ,71.1370 ,99.2640 ,109.3160 ,481.8710 ,83.4970 ,43.6560 ,87.9710 ,579.1010 ,22.1450 
2008-12-31,77.1010 ,117.0770 ,151.1120 ,54.2720 ,125.8280 ,70.2780 ,94.9230 ,104.5770 ,519.2440 ,76.3020 ,34.0610 ,73.0870 ,542.3530 ,20.8830 
2009-01-30,68.9450 ,105.7400 ,141.3910 ,50.2180 ,112.4520 ,66.6640 ,86.1640 ,101.9750 ,476.9530 ,67.2370 ,30.0960 ,68.8770 ,527.4820 ,20.3040 
2009-02-27,65.3620 ,100.3860 ,132.5040 ,47.7430 ,105.3960 ,62.4610 ,80.7390 ,96.1690 ,437.2200 ,64.3040 ,20.5290 ,64.3890 ,509.1330 ,18.8210 
2009-03-31,63.8360 ,100.9910 ,120.0030 ,44.9260 ,100.4480 ,60.2310 ,70.2750 ,93.6050 ,417.0390 ,60.3650 ,18.2760 ,59.9480 ,475.5280 ,18.0190 
2009-04-30,62.5660 ,98.4020 ,118.8290 ,46.3590 ,99.6930 ,60.5330 ,68.8220 ,93.2850 ,370.3630 ,58.3490 ,17.7550 ,58.2780 ,463.4480 ,18.0310 
2009-05-29,63.1970 ,97.2520 ,112.4620 ,42.4960 ,96.9680 ,58.9690 ,64.8800 ,91.5870 ,358.2100 ,55.8420 ,17.2550 ,55.8140 ,490.4680 ,18.3660 
2009-06-30,66.0650 ,95.3150 ,111.3840 ,42.7910 ,96.2460 ,58.8210 ,65.0500 ,90.8820 ,352.2670 ,56.6870 ,18.4410 ,54.5640 ,505.5330 ,18.5780 
2009-07-31,68.0590 ,99.9450 ,113.3250 ,44.5380 ,97.0780 ,60.2220 ,65.8410 ,91.9130 ,359.2970 ,59.3900 ,21.3750 ,55.0770 ,523.6380 ,19.3170 
2009-08-31,69.4510 ,97.4760 ,116.0180 ,43.1170 ,96.5940 ,60.0310 ,64.9880 ,94.3120 ,354.5020 ,58.9020 ,22.5460 ,56.9030 ,551.6670 ,19.9960 
2009-09-30,70.8990 ,100.6200 ,119.5540 ,43.4550 ,98.3020 ,60.6970 ,65.6070 ,95.4490 ,363.6150 ,59.5800 ,24.3550 ,58.1230 ,563.1570 ,20.3470 
2009-10-30,73.6320 ,103.5890 ,124.5650 ,45.1960 ,100.5420 ,63.1280 ,66.6770 ,97.0400 ,401.7670 ,63.4360 ,25.6950 ,60.5360 ,576.1780 ,20.9160 
2009-11-30,75.7920 ,102.7060 ,128.7390 ,46.0430 ,102.8870 ,63.6690 ,67.4790 ,98.1420 ,425.4390 ,64.5080 ,27.1610 ,62.9120 ,584.2820 ,22.1570 
2009-12-31,77.0680 ,105.4430 ,134.9310 ,47.3380 ,107.0590 ,66.4230 ,69.6730 ,99.9020 ,451.4920 ,68.8730 ,29.8560 ,65.1270 ,600.8880 ,22.6940 
2010-01-29,79.4840 ,105.8760 ,135.7410 ,47.6520 ,106.9230 ,66.9890 ,68.8250 ,98.3990 ,451.7140 ,69.9600 ,30.2420 ,66.7450 ,624.9520 ,22.9980 
2010-02-26,80.9660 ,105.6360 ,142.1960 ,48.7740 ,107.8630 ,67.8580 ,68.7920 ,98.7910 ,465.1110 ,70.7200 ,32.1510 ,69.1260 ,629.0910 ,23.7010 
2010-03-31,82.2030 ,108.2060 ,147.4680 ,49.3580 ,109.0170 ,68.6710 ,69.4550 ,99.5610 ,472.1440 ,71.8240 ,33.6270 ,71.9890 ,644.7160 ,24.1290 
2010-04-30,85.6790 ,110.9060 ,156.1340 ,52.0240 ,112.9420 ,70.7880 ,72.5630 ,101.7550 ,521.2210 ,76.3470 ,35.2010 ,76.5550 ,660.6450 ,24.7850 
2010-05-31,87.6190 ,112.7310 ,162.9720 ,53.0120 ,113.9170 ,72.1860 ,71.2740 ,101.0570 ,538.1590 ,77.4950 ,36.1480 ,78.3160 ,655.6560 ,25.1280 
2010-06-30,88.5960 ,110.9730 ,161.5850 ,54.3580 ,116.6660 ,72.0040 ,72.7680 ,101.4600 ,559.9880 ,80.6940 ,36.7140 ,78.2620 ,655.0760 ,25.0900 
2010-07-30,89.9850 ,112.0880 ,159.5100 ,55.9740 ,117.5250 ,71.4720 ,74.0750 ,101.8070 ,588.2650 ,83.2150 ,37.3840 ,76.8010 ,656.7150 ,25.4120 
2010-08-31,91.3450 ,110.8420 ,162.3730 ,58.0090 ,121.0890 ,71.2730 ,74.9830 ,102.9850 ,599.2000 ,85.8160 ,38.7060 ,77.0140 ,684.1910 ,25.8050 
2010-09-30,91.6890 ,112.6430 ,164.4760 ,59.6080 ,123.5900 ,71.2300 ,77.2050 ,104.7320 ,614.2650 ,87.9210 ,39.2740 ,75.9440 ,690.8020 ,26.1090 
2010-10-29,93.0390 ,113.0220 ,162.8160 ,59.2250 ,123.1120 ,70.1200 ,76.8160 ,103.5210 ,635.4160 ,88.2580 ,39.6120 ,75.3530 ,701.8860 ,26.1850 
2010-11-30,94.1070 ,113.5210 ,163.7050 ,60.9270 ,124.4910 ,72.3150 ,76.4370 ,102.6930 ,649.1180 ,89.1790 ,40.1770 ,76.7500 ,718.2360 ,26.2160 
2010-12-31,95.3090 ,115.4600 ,171.5660 ,61.9670 ,127.8130 ,71.3720 ,78.8480 ,102.2450 ,655.2130 ,91.5650 ,41.4810 ,77.2510 ,738.8350 ,26.7430 
2011-01-31,97.6460 ,116.3710 ,171.9060 ,62.6630 ,127.7010 ,70.9370 ,78.2180 ,101.2870 ,668.6650 ,92.1130 ,41.7220 ,78.1160 ,739.2900 ,26.7540 
2011-02-28,98.8030 ,119.3120 ,172.3540 ,64.3060 ,129.5120 ,70.9920 ,79.4260 ,100.5420 ,677.4400 ,93.1350 ,43.0280 ,79.5960 ,745.0930 ,26.8420 
2011-03-31,100.6500 ,121.3360 ,175.9560 ,64.9030 ,132.1410 ,71.0910 ,80.7040 ,102.2070 ,690.8530 ,94.2440 ,43.9370 ,81.8520 ,760.6230 ,27.2830 
2011-04-29,103.0560 ,124.0600 ,174.6090 ,64.8460 ,132.4500 ,68.7700 ,79.9130 ,101.3430 ,688.8940 ,93.8200 ,39.1010 ,80.8200 ,822.2000 ,26.7460 
2011-05-31,104.8530 ,124.8220 ,177.1510 ,66.9810 ,134.5930 ,68.9600 ,80.4930 ,100.8410 ,704.4650 ,94.0630 ,39.0700 ,81.9820 ,787.3020 ,26.9880 
2011-06-30,105.2050 ,126.0250 ,180.8020 ,68.6290 ,136.6000 ,68.1320 ,81.7060 ,101.6840 ,724.6240 ,92.8120 ,39.9500 ,82.8230 ,843.6320 ,27.3970 
2011-07-29,106.7810 ,130.6630 ,177.1550 ,68.8740 ,134.8100 ,64.9420 ,82.4020 ,98.7950 ,716.1450 ,91.5280 ,39.9820 ,80.7640 ,840.1980 ,27.2450 
2011-08-31,108.6560 ,130.3660 ,176.3820 ,67.8050 ,132.1890 ,63.0180 ,79.3790 ,96.2530 ,715.2280 ,91.3390 ,39.6770 ,80.5290 ,828.3630 ,26.8570 
2011-09-30,106.9760 ,135.3030 ,181.7170 ,66.5410 ,129.7130 ,65.2020 ,76.8770 ,95.7100 ,697.7010 ,89.3540 ,40.5910 ,81.6970 ,798.0850 ,26.9290 
2011-10-31,105.8230 ,127.6960 ,177.0740 ,64.7110 ,125.4760 ,63.9770 ,74.2210 ,91.1140 ,667.3040 ,87.4660 ,39.3380 ,79.8650 ,777.9410 ,26.4280 
2011-11-30,106.4780 ,132.3750 ,177.2580 ,62.8670 ,122.1240 ,64.3670 ,71.4990 ,87.7630 ,668.8530 ,86.2950 ,38.4440 ,80.0720 ,761.5870 ,25.7150 
2011-12-30,106.4540 ,131.2850 ,174.0550 ,62.8380 ,121.2200 ,65.4210 ,70.5700 ,86.8610 ,653.9500 ,84.9920 ,37.8700 ,79.8220 ,754.6980 ,25.6350 
2012-01-31,106.6150 ,126.8100 ,172.6140 ,63.0220 ,120.1980 ,65.2980 ,69.6060 ,84.9290 ,641.1920 ,85.0750 ,38.0320 ,78.3340 ,750.4170 ,25.5790 
2012-02-29,107.1280 ,124.8550 ,172.3490 ,63.4520 ,119.0920 ,64.1470 ,69.1980 ,82.5600 ,644.0180 ,83.4420 ,37.8010 ,77.0880 ,753.2560 ,25.5050 
2012-03-30,108.3270 ,126.9100 ,171.8330 ,64.2880 ,118.5600 ,64.1810 ,67.9920 ,78.6040 ,650.3490 ,83.6000 ,38.9910 ,77.3950 ,769.3860 ,25.6320 
2012-04-30,110.2040 ,123.5720 ,171.0160 ,64.8780 ,118.8830 ,64.3670 ,69.0340 ,76.3230 ,654.4690 ,84.2550 ,40.3020 ,76.9070 ,780.8170 ,25.9240 
2012-05-31,110.6640 ,128.0410 ,174.2370 ,66.0700 ,120.0490 ,66.7640 ,69.9780 ,73.0420 ,672.7810 ,85.6920 ,41.3720 ,78.4770 ,794.5750 ,26.4850 
2012-06-29,110.6950 ,122.6030 ,172.2660 ,65.4780 ,118.9200 ,66.4600 ,68.9280 ,70.2320 ,671.5190 ,85.4640 ,40.8430 ,76.8870 ,788.1820 ,26.5320 
2012-07-31,109.9320 ,119.0360 ,169.2960 ,66.1480 ,118.0210 ,67.2410 ,67.8590 ,68.6420 ,654.5990 ,84.3370 ,40.6940 ,74.6860 ,791.8350 ,26.7190 
2012-08-31,110.7540 ,118.4610 ,167.2720 ,65.9670 ,117.8390 ,67.2070 ,66.6260 ,69.7680 ,649.9520 ,84.7050 ,40.4410 ,73.7370 ,798.2640 ,26.5440 
2012-09-28,111.5510 ,118.7290 ,163.8640 ,65.4750 ,117.6030 ,67.0700 ,65.6350 ,67.9910 ,652.8850 ,84.0070 ,40.1770 ,71.7700 ,797.8200 ,26.4260 
2012-10-31,111.6800 ,120.7350 ,163.9490 ,65.6370 ,116.6290 ,67.2700 ,65.3450 ,68.3090 ,646.2030 ,83.0800 ,39.4280 ,71.3730 ,804.0300 ,26.3450 
2012-11-30,111.5030 ,121.3580 ,163.6550 ,64.5200 ,116.4570 ,67.0790 ,63.9300 ,69.1930 ,639.8020 ,85.3720 ,39.2760 ,71.5370 ,816.4920 ,26.0670 
2012-12-31,111.9460 ,121.8580 ,162.1880 ,64.3870 ,115.8160 ,66.6290 ,63.3160 ,69.0200 ,641.8580 ,82.9250 ,39.3020 ,71.1050 ,811.6830 ,25.8970 
2013-01-31,112.6670 ,122.0850 ,163.7920 ,64.5600 ,115.7900 ,66.8160 ,61.7810 ,68.5830 ,640.6320 ,81.7750 ,41.3040 ,71.2820 ,820.5620 ,26.0270 
2013-02-28,113.2430 ,121.6790 ,167.9920 ,64.6890 ,115.7020 ,67.8980 ,60.8390 ,68.9600 ,643.2130 ,79.8710 ,44.6220 ,72.8770 ,842.3400 ,26.2500 
2013-03-29,114.2350 ,121.8380 ,166.9700 ,64.6360 ,115.1550 ,68.2360 ,59.4990 ,68.0160 ,643.7490 ,79.4970 ,45.3400 ,72.3720 ,847.0540 ,26.1610 
2013-04-30,114.6090 ,118.3110 ,166.1290 ,64.7170 ,115.1350 ,68.4850 ,58.7060 ,67.5000 ,640.5070 ,79.9670 ,46.8550 ,72.3710 ,856.6100 ,26.2640 
2013-05-31,116.2980 ,121.3630 ,167.8560 ,65.7460 ,115.5110 ,70.9510 ,57.2520 ,65.0340 ,643.2480 ,80.7760 ,48.7430 ,74.3350 ,869.8540 ,26.8610 
2013-06-28,116.3350 ,120.8200 ,164.5140 ,65.9910 ,116.6400 ,70.7290 ,56.0870 ,65.0830 ,642.6280 ,80.2670 ,50.2860 ,74.5730 ,872.1710 ,26.7850 
2013-07-31,117.0890 ,117.3700 ,164.3020 ,66.2050 ,115.6490 ,70.4330 ,55.5950 ,63.7310 ,637.8610 ,78.7610 ,50.7450 ,73.8560 ,868.7980 ,26.6270 
2013-08-30,117.8200 ,115.7870 ,161.7500 ,65.8930 ,115.2490 ,70.3160 ,54.6840 ,63.2900 ,646.7810 ,79.4170 ,51.6520 ,74.2790 ,871.3820 ,26.1870 
2013-09-30,118.5100 ,117.8770 ,159.5950 ,66.8550 ,116.6070 ,71.2170 ,55.2280 ,64.3850 ,651.8370 ,81.4580 ,52.2170 ,74.4780 ,880.5280 ,26.4660 
2013-10-31,118.9510 ,118.3090 ,159.9620 ,66.8010 ,115.6790 ,70.4300 ,55.3330 ,63.6820 ,648.7020 ,80.8650 ,52.5410 ,75.0930 ,887.0430 ,26.5360 
2013-11-29,119.5530 ,118.0380 ,155.8540 ,66.2860 ,114.3310 ,70.0460 ,55.0800 ,62.7120 ,651.1410 ,80.5430 ,52.9150 ,76.0460 ,887.8330 ,26.3720 
2013-12-31,119.7130 ,118.5930 ,154.8300 ,65.9660 ,113.7750 ,69.9520 ,54.5180 ,63.1060 ,658.2260 ,81.1550 ,53.8320 ,76.3940 ,892.8360 ,26.6000 
2014-01-31,119.9480 ,120.9630 ,152.1260 ,65.7480 ,113.1750 ,70.2640 ,56.0440 ,63.1840 ,653.5160 ,79.8200 ,54.4120 ,77.1170 ,898.3880 ,26.7060 
2014-02-28,120.5430 ,119.9170 ,153.0950 ,66.9000 ,113.4520 ,69.8750 ,55.6460 ,64.3920 ,653.0070 ,80.3790 ,55.4990 ,77.8750 ,906.4030 ,26.8850 
2014-03-31,121.1910 ,120.8240 ,149.2710 ,66.1800 ,112.6420 ,69.1810 ,55.2000 ,63.3040 ,655.4150 ,79.7400 ,55.3820 ,77.2980 ,916.3920 ,26.7420 
2014-04-30,122.5270 ,123.0510 ,146.8240 ,66.4850 ,113.0000 ,68.9610 ,55.1730 ,63.6660 ,661.7050 ,79.4140 ,55.7260 ,77.1730 ,920.2850 ,26.8890 
2014-05-30,123.9230 ,125.7670 ,146.9200 ,66.4340 ,111.3830 ,69.2250 ,55.3310 ,63.6040 ,670.6350 ,79.4920 ,55.7200 ,77.9310 ,928.6330 ,27.0470 
2014-06-30,124.9700 ,125.9550 ,146.7030 ,67.0110 ,112.4580 ,69.3760 ,55.0960 ,64.7050 ,676.9900 ,79.2610 ,55.9060 ,77.3260 ,928.9120 ,27.2910 
2014-07-31,126.3960 ,128.2060 ,146.3600 ,66.7280 ,111.9970 ,69.7150 ,55.6360 ,65.7090 ,682.2750 ,78.7260 ,56.5500 ,77.0280 ,931.1490 ,27.4400 
2014-08-29,127.3820 ,130.3340 ,148.5790 ,67.2160 ,112.4900 ,70.2120 ,56.0100 ,66.9360 ,696.1660 ,79.3290 ,57.2010 ,77.3150 ,940.1000 ,27.4050 
2014-09-30,128.1880 ,131.7560 ,149.1000 ,67.5400 ,113.1430 ,71.2340 ,57.0810 ,67.8480 ,698.2930 ,80.3560 ,57.5660 ,78.3500 ,944.8080 ,27.6180 
2014-10-31,127.1680 ,131.9690 ,146.0960 ,67.1800 ,112.3380 ,71.3290 ,56.5540 ,68.1070 ,702.4840 ,80.3620 ,58.1300 ,77.5750 ,946.3640 ,27.8310 
2014-11-28,127.5250 ,130.2830 ,145.4740 ,67.5640 ,111.4440 ,70.7870 ,56.2680 ,67.7700 ,707.1340 ,81.5040 ,59.3390 ,78.1940 ,946.8110 ,28.0450 
2014-12-31,125.4180 ,123.3450 ,141.1270 ,67.5810 ,110.1290 ,72.9670 ,55.1930 ,67.8230 ,717.4620 ,82.9360 ,60.5920 ,76.7670 ,948.5890 ,28.0680 
2015-01-30,122.2980 ,118.8590 ,135.0050 ,67.7120 ,108.5920 ,65.8350 ,52.8420 ,67.6950 ,719.3260 ,83.2710 ,61.9710 ,74.8280 ,943.1420 ,28.2660 
2015-02-27,121.7110 ,111.0530 ,130.8160 ,67.9360 ,107.5330 ,65.7440 ,51.6380 ,67.2520 ,737.3890 ,83.8070 ,62.5990 ,74.9480 ,946.9490 ,28.3940 
2015-03-31,122.7530 ,115.0090 ,130.7750 ,68.5980 ,108.5850 ,66.4360 ,51.4800 ,67.7300 ,744.0780 ,84.6870 ,63.1860 ,74.0660 ,939.8200 ,28.3960 
2015-04-30,122.8190 ,112.7220 ,128.1070 ,69.4880 ,110.6720 ,66.7390 ,52.3110 ,68.8310 ,756.2630 ,85.2680 ,63.7210 ,72.5570 ,939.4810 ,28.4420 
2015-05-29,124.2330 ,115.4170 ,129.3470 ,70.4040 ,111.6990 ,67.6690 ,53.0690 ,69.4450 ,758.7030 ,87.1880 ,64.2000 ,73.3520 ,936.2120 ,28.2550 
2015-06-30,125.0350 ,116.6750 ,129.0350 ,71.0300 ,112.7070 ,67.6790 ,53.7890 ,70.3760 ,763.2180 ,88.1670 ,65.2180 ,73.4290 ,1002.6670 ,28.4050 
2015-07-31,125.8210 ,117.0340 ,127.9270 ,71.3220 ,114.1660 ,67.7870 ,53.9530 ,70.8230 ,767.4560 ,88.0450 ,65.8230 ,73.4790 ,948.5240 ,28.4370 
2015-08-31,126.1630 ,117.8620 ,127.5640 ,71.9310 ,114.9920 ,67.5100 ,54.6740 ,71.1450 ,776.2570 ,89.1280 ,66.4370 ,72.5720 ,946.0450 ,28.0280 
2015-09-30,126.1090 ,118.7200 ,125.0060 ,70.8410 ,114.9890 ,68.0230 ,54.1470 ,70.5160 ,771.9750 ,89.5240 ,66.5100 ,71.3750 ,947.4600 ,28.0630 
2015-10-30,125.2610 ,115.3060 ,122.3890 ,68.7100 ,114.5190 ,67.3940 ,53.8630 ,69.7990 ,752.8900 ,88.2380 ,66.2200 ,70.3080 ,942.8230 ,27.7160 
2015-11-30,125.5810 ,116.6570 ,121.5130 ,68.1870 ,114.4970 ,67.8580 ,53.1830 ,68.9940 ,756.4810 ,87.9690 ,66.3650 ,70.0980 ,939.4160 ,27.2220 
2015-12-31,125.3800 ,117.2030 ,119.9090 ,68.9350 ,113.8960 ,67.2730 ,52.8780 ,68.7750 ,753.1790 ,89.4500 ,66.1430 ,68.5520 ,932.2970 ,27.2230 
2016-01-29,123.1250 ,113.1950 ,117.2350 ,69.3390 ,112.9550 ,67.0400 ,51.3800 ,66.2790 ,730.3900 ,90.0260 ,66.0300 ,67.4140 ,927.9740 ,27.0340 
2016-02-29,122.7130 ,109.3770 ,117.0310 ,68.6950 ,110.1720 ,64.0840 ,49.5400 ,65.3680 ,715.9360 ,89.3500 ,64.6680 ,66.0410 ,910.0240 ,26.2170 
2016-03-31,122.6420 ,104.5540 ,112.8940 ,67.9760 ,109.8340 ,63.1070 ,47.8400 ,64.7880 ,715.9470 ,88.5870 ,63.5410 ,65.3460 ,889.2380 ,25.9300 
2016-04-29,122.9530 ,104.3400 ,113.4880 ,67.5240 ,110.0750 ,63.1550 ,48.8200 ,64.6390 ,693.7480 ,88.9180 ,63.0670 ,65.7880 ,889.3250 ,25.9810 
2016-05-31,124.4830 ,106.0680 ,114.1740 ,68.2120 ,110.5900 ,62.8090 ,47.9420 ,65.0930 ,701.2500 ,89.4850 ,61.0960 ,65.9550 ,890.4860 ,25.8000 
2016-06-30,125.3460 ,105.9750 ,119.3190 ,68.1640 ,111.4110 ,62.5840 ,48.6110 ,61.8300 ,703.9370 ,89.0620 ,59.4320 ,66.2550 ,887.4000 ,25.8120 
2016-07-29,126.3570 ,110.0950 ,122.6760 ,68.0390 ,111.7900 ,62.4920 ,48.3770 ,62.2890 ,702.5150 ,89.6820 ,58.7370 ,66.7200 ,885.3090 ,25.6580 
2016-08-31,127.2240 ,112.2520 ,124.3390 ,68.7780 ,113.4390 ,62.0670 ,48.2410 ,62.9710 ,706.2460 ,89.5560 ,58.4310 ,66.4400 ,884.1720 ,24.9800 
2016-09-30,127.7030 ,112.7560 ,128.0130 ,68.9160 ,114.4870 ,62.5190 ,49.4150 ,63.8880 ,708.3300 ,90.1060 ,58.7260 ,67.2400 ,891.2410 ,24.9850 
2016-10-31,128.9430 ,117.5520 ,135.5230 ,69.2040 ,115.4000 ,62.7130 ,49.7770 ,63.9960 ,695.3060 ,90.9770 ,59.7090 ,68.2140 ,892.4210 ,24.8890 
2016-11-30,129.7380 ,119.5540 ,138.5790 ,69.4710 ,116.8840 ,63.3470 ,51.1040 ,65.4730 ,700.0060 ,91.9200 ,60.0220 ,69.3940 ,895.1740 ,24.9000 
2016-12-30,130.9280 ,122.7980 ,143.7190 ,70.0330 ,117.7620 ,64.2150 ,51.0870 ,66.5660 ,698.1820 ,92.7670 ,61.5680 ,72.2090 ,898.3170 ,24.6840 
2017-01-31,132.1020 ,124.9040 ,145.2420 ,71.1650 ,118.8320 ,63.9370 ,51.3170 ,67.6020 ,705.0100 ,93.2460 ,62.8160 ,72.7540 ,901.7260 ,24.7570 
2017-02-28,132.1880 ,125.3390 ,145.9330 ,71.8970 ,121.2760 ,64.0890 ,49.9830 ,68.5680 ,719.8130 ,94.4020 ,63.8770 ,73.6720 ,920.0030 ,24.9670 
2017-03-31,132.9430 ,125.1260 ,148.0130 ,72.6300 ,122.3520 ,64.2870 ,51.3290 ,69.9480 ,724.2140 ,95.5720 ,64.8360 ,75.1630 ,936.7280 ,25.0530 
2017-04-28,134.5180 ,127.6610 ,146.7720 ,73.5850 ,123.5330 ,64.8660 ,53.1610 ,71.4060 ,742.5560 ,97.0630 ,65.8230 ,75.8920 ,951.2940 ,25.1710 
2017-05-31,136.0110 ,127.7870 ,147.9050 ,74.8990 ,125.1710 ,64.9630 ,54.4120 ,72.6070 ,757.9140 ,98.6280 ,65.8760 ,75.5960 ,958.9600 ,25.5770 
2017-06-30,137.2480 ,127.0190 ,149.0330 ,75.1670 ,126.0960 ,66.1240 ,55.3190 ,72.6690 ,774.0170 ,99.7440 ,66.8430 ,74.8800 ,971.8940 ,25.7330 
2017-07-31,138.0380 ,125.5570 ,147.0840 ,75.6210 ,125.1660 ,66.6220 ,55.5340 ,73.3770 ,759.8710 ,100.3600 ,67.4490 ,73.5960 ,987.4090 ,25.8980 
2017-08-31,139.3050 ,126.0320 ,149.4280 ,76.1430 ,126.1470 ,67.1160 ,56.4020 ,74.0830 ,766.0780 ,100.7500 ,68.8320 ,73.4920 ,1014.4790 ,26.2500 
2017-09-29,140.1100 ,127.9130 ,148.0130 ,76.3900 ,126.9370 ,67.9000 ,56.8550 ,74.6640 ,767.4960 ,100.9860 ,69.4530 ,74.0940 ,1028.4970 ,26.3230 
2017-10-31,141.3200 ,129.2870 ,151.1480 ,76.5440 ,127.6170 ,68.9550 ,57.4180 ,75.0450 ,776.1550 ,100.9760 ,70.1170 ,74.7980 ,1036.5200 ,26.5530 
2017-11-30,143.0200 ,129.6280 ,150.9280 ,77.6450 ,128.1140 ,69.6430 ,58.1350 ,75.3800 ,777.6530 ,101.5590 ,72.5020 ,75.3440 ,1067.1240 ,27.1490 
2017-12-29,144.8420 ,130.5600 ,152.5990 ,77.8560 ,128.9870 ,70.3430 ,58.5760 ,75.6880 ,779.2700 ,101.6380 ,73.7660 ,76.1150 ,1057.6130 ,27.4160 
2018-01-31,152.7240 ,134.8340 ,153.0210 ,78.5710 ,129.6300 ,70.5820 ,59.7600 ,76.3150 ,777.8290 ,102.3210 ,73.5710 ,76.7110 ,1073.0370 ,28.1260 
2018-02-28,158.3410 ,137.0980 ,153.8440 ,78.9410 ,131.2010 ,70.6860 ,62.3020 ,76.5100 ,777.0860 ,102.8840 ,75.2620 ,77.5520 ,1092.0770 ,28.8780 
2018-03-30,159.5440 ,139.1720 ,155.2710 ,79.2240 ,132.1240 ,71.5100 ,62.7420 ,76.7000 ,783.7810 ,103.6760 ,78.7650 ,78.2820 ,1121.3610 ,29.0360 
